-0.995605,-0.140137,-0.175049,-1.05957,-0.003418,-0.282471,1
-0.97876,-0.09375,-0.269531,-0.970947,-0.13501,0.020996,1
-0.967041,-0.09375,-0.279541,-0.969971,-0.141357,0.013184,1
-0.9646,-0.09375,-0.263184,-0.962646,-0.146484,0.015625,1
-0.950684,-0.094482,-0.266357,-0.950684,-0.159912,0.013916,1
-0.953125,-0.091064,-0.260986,-0.953125,-0.154297,0.022217,1
-0.951904,-0.068115,-0.247559,-0.953125,-0.120605,0.033203,1
-0.883789,-0.144287,-0.339355,-1.14209,-0.393555,-0.126221,1
-0.916992,-0.163818,-0.304932,-0.943604,-0.300049,-0.157715,1
-0.973877,-0.194336,-0.29126,-0.906006,-0.281738,-0.094482,1
-1.039551,-0.176758,-0.275391,-0.95459,-0.23291,-0.061523,1
-1.061768,-0.120605,-0.257568,-1.033691,-0.184082,-0.030029,1
-1.015381,-0.084961,-0.254639,-1.029541,-0.137451,-0.032959,1
-1.00293,-0.057617,-0.256104,-0.992676,-0.120117,-0.063477,1
-1.009277,-0.033936,-0.236572,-0.933594,-0.07373,-0.039062,1
-0.969238,-0.074219,-0.247803,-0.956543,-0.083252,0.021729,1
-0.943848,-0.078613,-0.22583,-0.968262,-0.13623,0.01123,1
-0.93335,-0.037842,-0.218018,-0.948242,-0.179443,-0.021729,1
-0.897705,-0.030518,-0.211914,-0.937988,-0.191895,-0.033447,1
-0.873779,-0.016113,-0.202637,-0.958252,-0.208984,-0.027832,1
-0.894531,0.043213,-0.19751,-0.970703,-0.218994,-0.013428,1
-0.930908,0.025391,-0.177734,-0.969482,-0.191895,-0.015625,1
-0.95874,0.003662,-0.173828,-0.965088,-0.133789,-0.016357,1
-0.955078,0.008057,-0.155518,-0.945068,-0.076172,-0.011719,1
-0.942383,0.006836,-0.138916,-0.939941,-0.051758,0.00708,1
-0.942139,0.004639,-0.131836,-0.956543,-0.048584,0.016602,1
-0.968018,0.026123,-0.125488,-0.947266,-0.070312,0.019775,1
-0.953857,0.032715,-0.11792,-0.935059,-0.080322,0.036621,1
-0.927246,0.03125,-0.10498,-0.938965,-0.074951,0.060059,1
-0.903564,0.028809,-0.064941,-0.930664,-0.091309,0.09082,1
-0.928223,0.039062,-0.035156,-0.919678,-0.116943,0.090576,1
-0.985352,0.062988,-0.021973,-0.919922,-0.100098,0.070312,1
-1.004639,0.041992,0.014404,-0.925537,-0.052734,0.056641,1
-1.044434,0.040771,-0.077637,-0.947266,-0.009277,0.030762,1
-1.14917,-0.006836,-0.167969,-0.991211,-0.028564,-0.008789,1
-1.261719,-0.123047,-0.247803,-1.099121,-0.158936,0.044189,1
-1.220703,-0.299072,-0.204346,-1.153809,-0.264404,0.132568,1
-1.121582,-0.258301,-0.105957,-1.124268,-0.216797,0.146729,1
-1.10498,-0.064453,-0.091309,-1.148193,-0.076172,0.095459,1
-1.206543,0.070801,-0.17627,-1.193359,0.070801,-0.029297,1
-1.301514,0.153564,-0.262939,-1.229736,0.087891,-0.190918,1
-1.230469,0.129395,-0.332275,-1.164307,0.025635,-0.285156,1
-0.999512,0.022949,-0.370117,-1.070312,0.026123,-0.269043,1
-0.798096,-0.085693,-0.391846,-1.061768,0.0271,-0.095703,1
-0.768799,-0.086426,-0.364746,-1.205566,-0.022461,0.129395,1
-0.904785,-0.006836,-0.332275,-1.219727,-0.018799,0.290283,1
-1.008789,0.017334,-0.298584,-1.168945,-0.029541,0.344971,1
-1.046143,-0.025635,-0.297363,-1.224121,-0.028076,0.24292,1
-1.032715,-0.12085,-0.281494,-1.236328,0.050293,0.089111,1
-0.969238,-0.218018,-0.28125,-1.119873,0.068359,0.004639,1
-0.905518,-0.25,-0.265137,-1.010498,0.022217,0.005859,1
-0.924316,-0.232666,-0.248779,-0.986084,0.002197,0.083008,1
-0.987305,-0.202393,-0.234375,-0.974365,-0.014404,0.142334,1
-0.982178,-0.219727,-0.249756,-0.897705,-0.016846,0.070557,1
-0.947998,-0.217285,-0.230469,-0.815674,0.015137,-0.026611,1
-0.917725,-0.199951,-0.200439,-0.765869,0,-0.108643,1
-0.902588,-0.185791,-0.201172,-0.73291,0.000244,-0.125488,1
-0.888672,-0.189209,-0.186035,-0.686279,0.016602,-0.159424,1
-0.892334,-0.207031,-0.185303,-0.704834,0.031982,-0.227295,1
-0.913086,-0.223389,-0.166992,-0.719727,0.028564,-0.324951,1
-0.943848,-0.236816,-0.154053,-0.718506,-0.003906,-0.401367,1
-0.958984,-0.231445,-0.156738,-0.720703,-0.018311,-0.447754,1
-0.967041,-0.212891,-0.153809,-0.735596,-0.040039,-0.48877,1
-0.95166,-0.200684,-0.131104,-0.735352,-0.081299,-0.487305,1
-0.949707,-0.203857,-0.100586,-0.761475,-0.058838,-0.534424,1
-0.931396,-0.199463,-0.092285,-0.837646,-0.036865,-0.63916,1
-0.912598,-0.179199,-0.089844,-0.900146,0.020996,-0.733887,1
-0.908447,-0.174561,-0.064941,-0.861328,0.072021,-0.76123,1
-0.960449,-0.192139,-0.07959,-0.773926,0.052002,-0.636963,1
-1.057373,-0.183838,-0.18335,-0.699951,0.074219,-0.520264,1
-1.182373,-0.123047,-0.258301,-0.880127,0.190674,-0.580078,1
-1.256104,-0.013184,-0.279297,-1.361572,0.188965,-0.637207,1
-1.217773,0.024414,-0.275146,-1.696289,0.1521,-0.613525,1
-1.124023,-0.102295,-0.221924,-1.468506,0.349854,-0.562256,1
-1.05127,-0.265137,-0.203857,-0.858643,0.390869,-0.106934,1
-1.091553,-0.329346,-0.26416,-0.477295,-0.118652,0.219482,1
-1.132812,-0.318604,-0.314209,-0.533691,-0.479248,0.002197,1
-1.085449,-0.247559,-0.35376,-0.833496,-0.476807,-0.082031,1
-1.002441,-0.148438,-0.390625,-1.281982,-0.312988,0,1
-0.942871,-0.08374,-0.385986,-1.216553,-0.175049,-0.026367,1
-0.931885,-0.072266,-0.364502,-0.952881,-0.089844,-0.124756,1
-0.942139,-0.038086,-0.357666,-0.951172,-0.099609,-0.184326,1
-0.970947,0.00293,-0.361572,-0.979248,-0.127197,-0.190186,1
-0.996826,0.032959,-0.347412,-0.981201,-0.081787,-0.136963,1
-1.003418,0.071533,-0.354492,-1.006104,-0.052979,-0.082031,1
-0.989746,0.07251,-0.352539,-1.010254,-0.029785,-0.085693,1
-0.983154,0.04834,-0.334229,-0.990479,0.012207,-0.094727,1
-0.98877,0.056396,-0.316162,-0.972412,0.005127,-0.095947,1
-0.964355,0.058838,-0.311523,-0.965332,-0.057373,-0.080322,1
-0.939941,0.082764,-0.307861,-0.980225,-0.104248,-0.084229,1
-0.941162,0.108887,-0.335693,-0.982666,-0.108398,-0.11792,1
-0.911377,0.0979,-0.344971,-0.996338,-0.119385,-0.128174,1
-0.915039,0.095215,-0.345703,-1.002441,-0.139893,-0.116455,1
-0.934814,0.083008,-0.331055,-0.987061,-0.131836,-0.083252,1
-0.935791,0.064697,-0.327637,-0.985596,-0.101562,-0.077393,1
-0.925293,-0.121094,-0.332275,-0.925537,0.081299,-0.164062,1
-0.913574,-0.060059,-0.329102,-0.981201,0.036621,-0.155273,1
-0.89209,-0.030518,-0.317383,-0.985596,-0.032227,-0.148682,1
-0.895996,-0.038818,-0.309082,-0.989502,-0.177734,-0.113037,1
-0.929688,-0.056641,-0.325928,-0.997314,-0.312988,-0.119385,1
-0.943359,-0.076904,-0.321533,-0.983154,-0.383301,-0.174561,1
-0.917969,-0.069092,-0.287842,-0.97876,-0.400146,-0.187744,1
-0.878418,-0.049561,-0.280029,-0.965088,-0.369873,-0.165039,1
-0.884277,-0.044189,-0.283203,-0.973389,-0.306641,-0.147705,1
-0.901855,-0.05957,-0.270264,-0.994629,-0.29541,-0.139893,1
-0.915771,-0.062744,-0.253906,-0.996826,-0.289795,-0.136963,1
-0.947021,-0.0625,-0.238037,-0.976807,-0.238037,-0.11377,1
-0.968506,-0.0625,-0.223633,-0.960938,-0.177979,-0.072754,1
-0.953613,-0.061035,-0.190674,-0.947021,-0.128662,-0.023193,1
-0.968262,-0.075195,-0.187012,-0.919189,-0.091309,0.028076,1
-0.955322,-0.090576,-0.1875,-0.898438,-0.102539,0.060547,1
-0.938232,-0.123047,-0.188965,-0.926025,-0.152588,0.068359,1
-0.937256,-0.125,-0.157959,-0.931152,-0.187744,0.04834,1
-0.9375,-0.125244,-0.141357,-0.915771,-0.179199,0.013672,1
-0.9375,-0.109375,-0.109375,-0.939209,-0.165771,-0.02002,1
-0.937744,-0.109375,-0.093018,-0.968018,-0.189941,-0.039062,1
-0.973877,-0.126221,-0.061279,-0.959229,-0.227295,-0.064453,1
-1.097412,-0.161621,-0.066895,-0.94751,-0.181152,-0.094971,1
-1.068848,-0.240967,-0.17041,-0.964111,-0.061768,-0.146973,1
-1.202393,-0.273438,-0.294922,-1.026123,0.008301,-0.155762,1
-1.248779,-0.333496,-0.325195,-1.152588,-0.047607,-0.100586,1
-1.178711,-0.291504,-0.26001,-1.247314,-0.154541,-0.018311,1
-1.177734,-0.101562,-0.296387,-1.208008,-0.098389,-0.04248,1
-1.218506,0.045898,-0.418945,-1.240723,0.037842,-0.222168,1
-1.153076,0.105469,-0.527832,-1.25415,0.113037,-0.271729,1
-1.038818,0.076172,-0.58374,-1.210449,0.043213,-0.126953,1
-0.912354,-0.017822,-0.530762,-1.331543,0.019043,0.155273,1
-0.936035,-0.041504,-0.465332,-1.338867,-0.015137,0.424072,1
-1.022705,-0.071777,-0.428955,-1.209717,0.014404,0.384766,1
-1.057617,-0.11084,-0.407715,-1.217773,-0.000244,0.28833,1
-1.031494,-0.184082,-0.364502,-1.221436,0.030273,0.19043,1
-0.918701,-0.264893,-0.353271,-1.061279,0.046631,0.108887,1
-0.81958,-0.305908,-0.336182,-0.933594,-0.035645,0.110352,1
-0.869385,-0.295654,-0.325684,-0.904297,-0.147461,0.158936,1
-0.940186,-0.303711,-0.330566,-0.885498,-0.188232,0.173828,1
-0.935059,-0.310059,-0.317627,-0.816406,-0.149902,0.186035,1
-0.91626,-0.289795,-0.287598,-0.739746,-0.098877,0.150391,1
-0.890869,-0.273926,-0.273926,-0.711914,-0.032471,0.116211,1
-0.873779,-0.259766,-0.256592,-0.67627,0.026611,0.067139,1
-0.860596,-0.235352,-0.246094,-0.636719,0.055176,0.015625,1
-0.841309,-0.207031,-0.260986,-0.660889,0.09082,-0.081055,1
-0.835938,-0.199219,-0.256104,-0.712158,0.097412,-0.264648,1
-0.820068,-0.208984,-0.2146,-0.832764,0.01123,-0.490479,1
-0.848633,-0.226562,-0.203369,-0.92041,0.001953,-0.720215,1
-0.893066,-0.248779,-0.186035,-0.929199,0.051025,-0.92334,1
-0.924805,-0.236084,-0.151123,-0.814453,0.043457,-0.842041,1
-0.934082,-0.221924,-0.244385,-0.653564,-0.122559,-0.511475,1
-1.008789,-0.149414,-0.311035,-0.79541,-0.198975,-0.049316,1
-1.129639,-0.023438,-0.284912,-1.355713,-0.023682,0.084473,1
-1.116455,0.00708,-0.294434,-1.510498,0.077148,-0.258789,1
-1.034424,-0.052979,-0.272949,-1.183594,-0.044189,-0.62085,1
-0.998291,-0.098877,-0.279541,-0.80542,-0.176025,-0.327393,1
-1.002686,-0.132812,-0.320312,-0.770996,-0.049072,0.205811,1
-1.049805,-0.144775,-0.327637,-0.860352,0.114258,0.258057,1
-1.071777,-0.12915,-0.341553,-1.01416,0.016846,0.001465,1
-1.029541,-0.128662,-0.330566,-1.098389,-0.165039,-0.079834,1
-1.003662,-0.103027,-0.343506,-1.021973,-0.197998,-0.085693,1
-0.987061,-0.082275,-0.321777,-0.956055,-0.189453,-0.0625,1
-0.981689,-0.069092,-0.298828,-0.95459,-0.182617,-0.030029,1
-0.99707,-0.03833,-0.296387,-0.989258,-0.155762,-0.046631,1
-1.000244,-0.015625,-0.296875,-1.002441,-0.125,-0.074951,1
-0.998291,-0.026855,-0.296875,-1.004395,-0.076172,-0.08374,1
-1.011963,-0.043457,-0.29834,-0.97876,-0.056885,-0.059082,1
-1.029541,-0.05957,-0.28418,-0.964355,-0.066406,-0.033936,1
-1.033447,-0.075439,-0.266846,-0.97998,-0.108154,-0.028076,1
-1.003174,-0.093506,-0.265381,-0.985107,-0.148193,-0.042725,1
-0.98584,-0.07959,-0.265625,-0.984375,-0.171631,-0.047363,1
-0.969238,-0.063477,-0.265625,-0.984375,-0.162109,-0.048828,1
-0.968994,-0.047363,-0.265869,-0.984375,-0.143066,-0.03418,1
-0.952881,-0.031006,-0.249756,-0.984375,-0.141846,-0.030762,1
-0.937012,-0.030762,-0.233887,-0.98584,-0.132324,-0.029541,1
-0.937988,-0.014893,-0.233643,-0.970703,-0.085205,-0.043213,1
-0.955566,-0.01709,-0.21875,-0.967285,-0.063477,-0.05835,1
-0.987305,-0.051758,-0.235352,-0.980713,-0.060059,-0.091064,1
-1.002441,-0.104248,-0.231445,-1.013672,-0.089111,-0.096191,1
-1.016602,-0.182129,-0.198486,-1.016113,-0.139404,-0.050293,1
-1.017578,-0.206055,-0.185547,-1.000244,-0.125488,-0.000977,1
-1.033203,-0.203369,-0.189697,-0.999756,-0.109131,0.015625,1
-1.028809,-0.199951,-0.204346,-0.983398,-0.126465,0.047607,1
-1.010742,-0.187988,-0.205566,-0.967285,-0.175293,0.046143,1
-0.997803,-0.208252,-0.223877,-0.952148,-0.203857,0.029053,1
-1.000488,-0.220703,-0.236328,-0.953125,-0.186279,0.01416,1
-0.996826,-0.219238,-0.233643,-0.953125,-0.186035,0.017334,1
-0.978027,-0.215332,-0.239014,-0.953125,-0.166748,0.032471,1
-0.965576,-0.196533,-0.248779,-0.952637,-0.129883,0.033203,1
-0.973145,-0.186035,-0.227295,-0.956299,-0.085938,0.051514,1
-0.985596,-0.182617,-0.217285,-0.967529,-0.070312,0.064453,1
-0.989502,-0.169434,-0.213379,-0.950928,-0.039062,0.0625,1
-1.000977,-0.171875,-0.201904,-0.953125,-0.02832,0.061768,1
-1.005615,-0.17041,-0.197266,-0.953125,-0.034424,0.06665,1
-1.017822,-0.177734,-0.186523,-0.953125,-0.05249,0.080322,1
-1.015625,-0.187988,-0.181152,-0.951904,-0.068604,0.078125,1
-1.013916,-0.192383,-0.171143,-0.958252,-0.085449,0.076904,1
-1.02417,-0.212158,-0.164795,-0.972168,-0.097168,0.083496,1
-1.015625,-0.059082,-0.029053,-0.969727,-0.20459,0.087402,1
-1.014893,-0.069824,-0.03125,-0.951416,-0.181152,0.078857,1
-1.018799,-0.098145,-0.03125,-0.949463,-0.142822,0.095703,1
-1.037598,-0.09375,-0.031982,-0.938721,-0.102295,0.093018,1
-1.049072,-0.09375,-0.026611,-0.955811,-0.111572,0.09668,1
-1.047852,-0.094727,-0.013184,-0.948975,-0.134521,0.114746,1
-1.041748,-0.087402,-0.014404,-0.935059,-0.164307,0.131592,1
-1.028809,-0.079834,-0.022217,-0.9375,-0.177734,0.143799,1
-1.032471,-0.100342,-0.026367,-0.9375,-0.194824,0.136475,1
-1.025146,-0.115967,-0.019287,-0.9375,-0.205322,0.117188,1
-1.014648,-0.134766,-0.031982,-0.9375,-0.204346,0.108398,1
-1.009033,-0.13623,-0.039307,-0.9375,-0.198242,0.105957,1
-0.997803,-0.124268,-0.040527,-0.935791,-0.178711,0.080078,1
-0.874268,-0.014404,-0.122559,-0.921387,-0.1875,-0.059326,1
-0.921631,0.006592,-0.125732,-0.922607,-0.186768,0.003418,1
-0.942871,0.017822,-0.119385,-0.937256,-0.166504,0.018555,1
-0.93042,0.016602,-0.114014,-0.922119,-0.100098,0.053467,1
-0.928711,0.010254,-0.121338,-0.938721,-0.056152,0.101807,1
-0.961914,-0.004639,-0.06958,-0.938965,-0.048096,0.127197,1
-0.972656,0.012695,-0.013184,-0.95874,-0.057861,0.097656,1
-0.994629,0.029541,0.018066,-0.996338,0.002197,0.001709,1
-1.071533,0.019287,0.049072,-1.040527,0.051514,-0.131348,1
-1.195801,0.005127,-0.066162,-1.043945,-0.003662,-0.228027,1
-1.294189,-0.107422,-0.246338,-1.073486,-0.127197,-0.225098,1
-1.324219,-0.313721,-0.25293,-1.213623,-0.279541,-0.11084,1
-1.244385,-0.332764,-0.164062,-1.283691,-0.278564,-0.008057,1
-1.206787,-0.08252,-0.17334,-1.322754,-0.150879,-0.049316,1
-1.293701,0.121826,-0.299316,-1.414062,-0.071777,-0.157227,1
-1.31958,0.191406,-0.398193,-1.380371,-0.04834,-0.212402,1
-1.18042,0.132568,-0.47998,-1.199951,-0.165039,-0.073242,1
-0.958252,0.023682,-0.466797,-1.183838,-0.318359,0.221436,1
-0.88916,-0.005371,-0.427734,-1.287354,-0.280518,0.419922,1
-0.956543,-0.009277,-0.343994,-1.312256,-0.083496,0.327881,1
-1.011475,-0.014648,-0.320801,-1.369141,0.043213,0.162354,1
-1.021973,-0.009521,-0.299072,-1.339111,0.207764,0.072266,1
-0.952881,-0.095215,-0.282227,-1.103516,0.270508,0.040527,1
-0.825195,-0.183594,-0.257568,-1.003174,0.179688,0.076416,1
-0.780518,-0.248779,-0.260986,-1.011475,0.105713,0.124756,1
-0.839111,-0.2146,-0.261963,-0.984375,0.0354,0.130859,1
-0.869385,-0.147461,-0.2146,-0.901123,0.007324,0.110596,1
-0.901367,-0.145752,-0.20752,-0.821045,0.025146,0.071289,1
-0.897461,-0.180908,-0.168945,-0.760498,0.034668,0.057617,1
-0.877686,-0.19043,-0.14624,-0.697266,0.022949,0.077393,1
-0.876465,-0.172852,-0.114746,-0.626709,0.006104,0.071289,1
-0.862061,-0.184326,-0.108398,-0.594482,-0.009521,0.000977,1
-0.857178,-0.187744,-0.111084,-0.592773,-0.027832,-0.136963,1
-0.871094,-0.188965,-0.095703,-0.589355,-0.036133,-0.333008,1
-0.888916,-0.177979,-0.094971,-0.607422,-0.006836,-0.560791,1
-0.890625,-0.130859,-0.084717,-0.68042,0.00293,-0.753174,1
-0.891602,-0.110352,-0.021729,-0.754395,-0.020264,-0.9021,1
-0.877686,-0.110107,0,-0.781738,0.036621,-0.942627,1
-0.842285,-0.092285,-0.015381,-0.775635,0.060303,-0.91748,1
-0.902588,-0.137451,-0.001221,-0.707031,-0.0625,-0.708496,1
-0.96582,-0.202393,0.033203,-0.585938,-0.0896,-0.711914,1
-1.174805,-0.20166,-0.189697,-0.389648,-0.140137,-0.573486,1
-1.427979,0.008057,-0.315918,-0.533936,-0.112549,-0.27124,1
-1.412598,0.121582,-0.31958,-1.700195,0.305664,-0.787354,1
-1.182861,-0.10498,-0.117432,-3.298828,-0.48584,-0.643311,1
-1.083008,-0.369141,-0.197266,-0.985352,0.822021,0.181885,1
-1.26709,-0.442383,-0.282715,0.025879,0.056885,0.745361,1
-1.280029,-0.396729,-0.383545,-0.382568,0.234863,0.408447,1
-1.213379,-0.330078,-0.351318,-0.787354,0.063721,-0.022217,1
-1.088623,-0.261719,-0.307617,-1.484131,-0.192627,0.148193,1
-1.054932,-0.198486,-0.311523,-1.526855,-0.424316,0.197266,1
-1.040771,-0.244385,-0.279541,-1.172852,-0.848389,-0.074951,1
-1,-0.27002,-0.212158,-0.878418,-0.643555,-0.15332,1
-0.935791,-0.223145,-0.232178,-0.796387,-0.412842,-0.140137,1
-0.888184,-0.127441,-0.223145,-0.85083,-0.180664,-0.141602,1
-0.854248,-0.126709,-0.219238,-0.973145,-0.128174,-0.172607,1
-0.851318,-0.096436,-0.16626,-1.018311,-0.137207,-0.231689,1
-0.818848,-0.126709,-0.195312,-0.938721,-0.118164,-0.238281,1
-0.807861,-0.099121,-0.202393,-0.879639,-0.104004,-0.229736,1
-0.820557,-0.062988,-0.175781,-0.929932,-0.122314,-0.17627,1
-0.85791,-0.042236,-0.148438,-0.972412,-0.174072,-0.095703,1
-0.881104,-0.046875,-0.12793,-0.952148,-0.193359,-0.078369,1
-0.912354,-0.046875,-0.098633,-0.948242,-0.181152,-0.095703,1
-0.936279,-0.04834,-0.093018,-0.928711,-0.169434,-0.054688,1
-0.929443,-0.040039,-0.086914,-0.919678,-0.168457,0.013428,1
-0.927246,-0.029053,-0.074219,-0.921875,-0.184326,0.039307,1
-0.894775,-0.03125,-0.090576,-0.919922,-0.218262,0.025391,1
-0.882812,-0.032959,-0.076904,-0.927734,-0.2146,0.007568,1
-0.906006,-0.025391,-0.019531,-0.949463,-0.152832,-0.001709,1
-0.955078,0.000244,-0.015869,-0.933594,-0.062012,-0.045166,1
-1.065674,-0.006592,-0.153564,-0.967285,0.003418,-0.104736,1
-1.281494,-0.108154,-0.238037,-1.114746,-0.018066,-0.163818,1
-1.352051,-0.251465,-0.167725,-1.285156,-0.132812,-0.14502,1
-1.266113,-0.239502,-0.048828,-1.286377,-0.193115,-0.130859,1
-1.313965,-0.082031,-0.125244,-1.276367,-0.176025,-0.132568,1
-1.463867,-0.003906,-0.242188,-1.394531,-0.16748,-0.176025,1
-1.417969,0.031738,-0.317139,-1.431885,-0.265625,-0.235107,1
-1.202637,0.003662,-0.433105,-1.269043,-0.24585,-0.29541,1
-0.969727,-0.091064,-0.445068,-1.169189,-0.122314,-0.222168,1
-0.818604,-0.114746,-0.393799,-1.28833,-0.075928,0.066162,1
-0.835938,-0.04126,-0.343018,-1.285889,-0.016113,0.412842,1
-0.956299,0.015625,-0.300293,-1.212646,0.117188,0.44165,1
-1.007568,0.004395,-0.309326,-1.317627,0.147461,0.202637,1
-0.979248,-0.062256,-0.301025,-1.286377,0.228027,-0.019043,1
-0.875244,-0.176514,-0.300293,-1.060059,0.20166,-0.10083,1
-0.773438,-0.246094,-0.273438,-1.000977,0.123291,-0.004883,1
-0.781982,-0.243652,-0.253662,-1.004883,0.039062,0.115723,1
-0.844971,-0.197754,-0.238037,-0.930176,-0.000732,0.144043,1
-0.902344,-0.156494,-0.222168,-0.848877,0.044434,0.065674,1
-0.895752,-0.181885,-0.208984,-0.767334,0.0625,0.046875,1
-0.861084,-0.199219,-0.162109,-0.701904,0.030518,0.046875,1
-0.874512,-0.231689,-0.141602,-0.637451,-0.000732,0.045898,1
-0.860352,-0.234375,-0.140381,-0.589844,-0.000732,0.008789,1
-0.858643,-0.234375,-0.140625,-0.560547,-0.018799,-0.113037,1
-0.874756,-0.234619,-0.140869,-0.560059,-0.049561,-0.321289,1
-0.859375,-0.218994,-0.125244,-0.555176,-0.042969,-0.608398,1
-0.875244,-0.186768,-0.093262,-0.66333,-0.013672,-0.78833,1
-0.906494,-0.139404,-0.092773,-0.743896,-0.003418,-0.952148,1
-0.889893,-0.141846,-0.059082,-0.743652,0.079346,-1.103027,1
-0.891846,-0.175293,-0.010986,-0.784424,0.085938,-1.015137,1
-0.935791,-0.206787,0.021729,-0.725098,0.012939,-0.737549,1
-1.102783,-0.216064,0.025391,-0.601318,0.009033,-0.598389,1
-1.25293,-0.119873,-0.23877,-0.436768,0.069824,-0.489746,1
-1.434082,0.144531,-0.326416,-0.69873,0.20752,-0.364014,1
-1.43457,0.146729,-0.281006,-2.014404,0.308838,-0.659424,1
-1.23584,-0.021729,-0.12207,-2.379395,0.354004,-0.428955,1
-1.128418,-0.246582,-0.281494,-1.026611,0.536865,0.21875,1
-1.179688,-0.296631,-0.368408,-0.065918,-0.143311,0.355469,1
-1.189697,-0.286621,-0.420654,-0.388428,-0.150635,0.14624,1
-1.148682,-0.216064,-0.410156,-0.934814,-0.142822,0.01709,1
-1.052979,-0.16748,-0.342041,-1.445557,-0.197998,0.006836,1
-1.019043,-0.137207,-0.326172,-1.446045,-0.388428,0.064453,1
-1.019775,-0.164062,-0.315918,-1.007324,-0.437256,-0.046631,1
-1.026855,-0.17334,-0.262207,-0.915527,-0.273438,-0.032471,1
-0.985352,-0.137451,-0.258057,-0.969727,-0.19458,-0.07959,1
-0.920898,-0.066162,-0.2771,-0.92749,-0.080811,-0.080811,1
-0.854492,0.003418,-0.230957,-0.945801,-0.070312,-0.03833,1
-0.823975,-0.012695,-0.229248,-0.977539,-0.108154,-0.104004,1
-0.820557,-0.10083,-0.23999,-0.949219,-0.098633,-0.181152,1
-0.849609,-0.087402,-0.224121,-0.934814,-0.0979,-0.175537,1
-0.840088,-0.035645,-0.224121,-0.932861,-0.124268,-0.137695,1
-0.804199,-0.02002,-0.195312,-0.958984,-0.17041,-0.101318,1
-0.817139,-0.021973,-0.17041,-0.972656,-0.212402,-0.0896,1
-0.888428,0.019287,-0.1521,-0.959473,-0.222412,-0.107422,1
-0.921875,0.036865,-0.158203,-0.938232,-0.20459,-0.106934,1
-0.913086,0.022705,-0.154053,-0.948975,-0.216553,-0.050781,1
-0.915283,0.013672,-0.112793,-0.95752,-0.212646,0.00415,1
-0.914551,0.017578,-0.09082,-0.925537,-0.169678,0.04248,1
-0.900146,0.00415,-0.088867,-0.928955,-0.115723,0.047363,1
-0.918457,0.003418,-0.064209,-0.973389,-0.110107,0.051514,1
-0.960205,0.036377,-0.019287,-1.029053,-0.099609,0.014893,1
-1.026123,0.053955,0.014648,-1.001953,-0.054443,-0.092773,1
-1.054932,0.023682,0.112061,-1.012451,-0.004639,-0.196045,1
-1.070068,0.037842,-0.049072,-1.045898,0.030518,-0.215332,1
-1.227783,-0.003418,-0.28125,-1.025391,0.018799,-0.280273,1
-1.320312,-0.213623,-0.334961,-1.295898,-0.108887,-0.250244,1
-1.281738,-0.316162,-0.232178,-1.360107,-0.124512,-0.15625,1
-1.260254,-0.060059,-0.249268,-1.343018,-0.092041,-0.254883,1
-1.203125,0.067139,-0.432617,-1.341797,-0.103516,-0.27832,1
-1.174805,0.04126,-0.482666,-1.307129,-0.297607,-0.153076,1
-1.166504,0.023438,-0.421875,-1.283936,-0.526367,0.213135,1
-1.093018,-0.021484,-0.387939,-1.365723,-0.496582,0.422119,1
-1.176758,-0.041748,-0.311768,-1.484863,-0.160889,0.305176,1
-1.156494,-0.073975,-0.268555,-1.490723,0.031494,0.187988,1
-1.08252,-0.068359,-0.265137,-1.414062,0.235107,0.084717,1
-0.963135,-0.171387,-0.268066,-1.097168,0.190186,0.065186,1
-0.781006,-0.245361,-0.23584,-0.963135,0.092041,0.123291,1
-0.735596,-0.252686,-0.248779,-0.918701,-0.022705,0.145752,1
-0.729736,-0.207031,-0.251221,-0.875,-0.101318,0.137939,1
-0.841064,-0.156494,-0.219482,-0.815918,-0.114258,0.113037,1
-0.828369,-0.187012,-0.218994,-0.741943,-0.069092,0.087891,1
-0.8125,-0.187012,-0.186523,-0.697754,0.010986,0.0979,1
-0.843994,-0.138916,-0.122803,-0.654541,0.041016,0.122803,1
-0.82666,-0.124268,-0.108643,-0.631348,0.059814,0.114258,1
-0.8125,-0.125,-0.109375,-0.616211,0.088867,0.025146,1
-0.830322,-0.125,-0.108154,-0.610352,0.089111,-0.150146,1
-0.846191,-0.123535,-0.087891,-0.585938,0.124023,-0.439453,1
-0.864014,-0.104248,-0.038818,-0.600342,0.169922,-0.724121,1
-0.897949,-0.074707,-0.012207,-0.708984,0.085449,-0.896484,1
-0.924805,-0.077637,-0.016357,-0.779541,0.020264,-0.932617,1
-0.92334,-0.078857,-0.007812,-0.788818,-0.016113,-0.895752,1
-0.943604,-0.110107,0.044678,-0.721436,-0.136963,-0.778809,1
-1.016602,-0.191162,0.024658,-0.665527,-0.09668,-0.760498,1
-1.19751,-0.156738,-0.186035,-0.282715,-0.156738,-0.739014,1
-1.405518,0.050049,-0.408936,-0.422852,-0.009277,-0.291504,1
-1.478027,0.162354,-0.351318,-1.765625,0.317383,-0.560303,1
-1.222168,-0.053467,-0.219482,-3.128418,0.819824,-0.782959,1
-1.161621,-0.419434,-0.309326,-1.354736,0.572266,0.139648,1
-1.274658,-0.406982,-0.425781,0.109375,-0.160156,0.411621,1
-1.287598,-0.311279,-0.499268,-0.324463,-0.348389,0.455566,1
-1.232422,-0.302734,-0.401611,-0.977539,-0.295898,0.309814,1
-1.14917,-0.261719,-0.32666,-1.550049,0.072266,0.203613,1
-1.125244,-0.220947,-0.34375,-1.445068,-0.247803,0.141602,1
-1.11377,-0.179199,-0.268555,-1.070068,-0.501465,-0.029785,1
-1.036133,-0.108398,-0.246582,-0.9729,-0.516602,0.013428,1
-0.868896,-0.0625,-0.23584,-0.940674,-0.408203,-0.068604,1
-0.816895,-0.006348,-0.210938,-0.935791,-0.35376,-0.050781,1
-0.769043,0.000977,-0.239258,-0.952881,-0.276611,-0.039307,1
-0.687256,-0.095703,-0.226318,-0.939941,-0.194092,-0.145752,1
-0.697754,-0.078369,-0.215576,-0.907227,-0.143555,-0.232178,1
-0.724365,-0.013672,-0.23584,-0.905762,-0.094238,-0.219482,1
-0.761963,-0.015869,-0.193115,-0.937744,-0.093994,-0.170898,1
-0.781738,-0.006592,-0.160156,-0.9375,-0.142334,-0.12207,1
-0.795166,-0.005127,-0.147461,-0.936523,-0.157715,-0.073486,1
-0.832031,0.026123,-0.129639,-0.920654,-0.170654,-0.0271,1
-0.851562,0.065186,-0.128174,-0.923096,-0.13501,-0.014404,1
-0.871582,0.048096,-0.106934,-0.940186,-0.105713,-0.013672,1
-0.922852,0.010254,-0.092529,-0.958252,-0.115723,0.00293,1
-1.001465,-0.008057,-0.032959,-0.995117,-0.163818,-0.010742,1
-1.075195,-0.033691,0.039307,-1.038086,-0.138672,-0.099854,1
-1.11499,-0.073242,0.133545,-1.061035,-0.012695,-0.179688,1
-1.118164,-0.068115,0.064453,-1.116211,0.061035,-0.259521,1
-1.316162,-0.031006,-0.307373,-1.145752,0.005859,-0.347168,1
-1.43042,-0.212402,-0.433838,-1.342529,-0.155029,-0.377197,1
-1.37793,-0.455078,-0.297607,-1.549316,-0.311035,-0.273682,1
-1.261719,-0.098145,-0.321045,-1.414062,-0.330566,-0.309814,1
-1.067871,0.098877,-0.488525,-1.313477,-0.263184,-0.369873,1
-1.075928,0.115967,-0.542236,-1.427979,-0.295654,-0.146973,1
-1.151611,0.194092,-0.453613,-1.503662,-0.528076,0.39917,1
-1.132324,0.20166,-0.408691,-1.509277,-0.397461,0.694092,1
-1.091309,0.075928,-0.417236,-1.665283,0.05957,0.478027,1
-1.159424,0.053711,-0.275879,-1.61792,0.353271,0.189941,1
-1.053223,-0.032227,-0.280518,-1.249023,0.466064,-0.038086,1
-0.794678,-0.194092,-0.266846,-1.036865,0.328369,0.031982,1
-0.72168,-0.249023,-0.250977,-1.011475,0.144287,0.194092,1
-0.656494,-0.234863,-0.21875,-0.932861,-0.037109,0.271973,1
-0.672852,-0.187012,-0.250244,-0.823486,-0.067871,0.244873,1
-0.769775,-0.203857,-0.247803,-0.726074,-0.042725,0.151367,1
-0.829102,-0.217773,-0.167969,-0.649902,0.000488,0.108398,1
-0.793945,-0.18457,-0.15332,-0.587158,0.012207,0.15918,1
-0.780029,-0.171875,-0.124268,-0.533936,-0.009033,0.221924,1
-0.78125,-0.188721,-0.137695,-0.480713,-0.015625,0.209229,1
-0.781006,-0.187744,-0.082275,-0.470215,-0.085938,0.055664,1
-0.782471,-0.183838,-0.020752,-0.437256,-0.138916,-0.226562,1
-0.804688,-0.14502,0.005127,-0.447998,0.011963,-0.498291,1
-0.85498,-0.105225,0.021973,-0.662354,0.098145,-1.02124,1
-0.91333,-0.135254,0.055664,-0.838379,0.108398,-1.522461,1
-1.003174,-0.180664,0.085938,-0.907715,-0.14917,-1.220459,1
-1.014648,-0.188721,0.149902,-0.705811,-0.329102,-0.765381,1
-1.027832,-0.23999,0.098877,-0.407715,-0.218994,-0.989502,1
-1.261475,-0.302734,-0.444336,0.057373,-0.400391,0.172607,1
-1.650146,0.013184,-0.653809,-0.477539,-0.175049,-0.052979,1
-1.523926,0.227539,-0.444824,-3.273193,0.88208,-1.437744,1
-1.143066,-0.222168,-0.329834,-3.373291,0.595703,-0.572021,1
-1.176025,-0.410156,-0.415527,0,-0.218994,0.472412,1
-1.358398,-0.376221,-0.43457,0.220947,-0.517822,0.887939,1
-1.408447,-0.410889,-0.401123,-0.511475,-0.172852,0.643066,1
-1.274658,-0.340576,-0.369629,-1.119385,-0.129639,0.042236,1
-1.195557,-0.20166,-0.293457,-1.904053,0.379395,0.378662,1
-1.09375,-0.068359,-0.258301,-1.413086,-0.423096,0.127197,1
-0.97583,-0.000977,-0.26709,-0.912842,-0.471924,-0.124023,1
-0.833252,-0.011963,-0.213379,-0.897217,-0.406494,-0.061523,1
-0.724609,-0.033203,-0.146484,-0.85376,-0.297363,-0.0979,1
-0.609131,0.005859,-0.179688,-0.868896,-0.279541,-0.118896,1
-0.547363,0.065186,-0.254395,-0.926514,-0.305176,-0.192139,1
-0.707031,0.026123,-0.266602,-0.90332,-0.322754,-0.265625,1
-0.860596,-0.08252,-0.178711,-0.914062,-0.276123,-0.251221,1
-0.832275,-0.126465,-0.132812,-0.933594,-0.272949,-0.13208,1
-0.776855,-0.124268,-0.126709,-0.905029,-0.249512,-0.050049,1
-0.789551,-0.141113,-0.144775,-0.925781,-0.270508,-0.089111,1
-0.849854,-0.116943,-0.156006,-0.951904,-0.253174,-0.074219,1
-0.893311,-0.07666,-0.115967,-1.001465,-0.198242,0.011719,1
-0.93042,-0.03125,-0.056641,-1.018799,-0.200439,-0.000732,1
-0.985107,0.005127,-0.061035,-1.018555,-0.248779,-0.101318,1
-1.04834,-0.022461,-0.030518,-1.04126,-0.169678,-0.156494,1
-1.298828,-0.092041,0.034668,-1.080078,0.029053,-0.155518,1
-1.349121,-0.108398,-0.248291,-1.11792,0.118408,-0.214844,1
-1.333252,-0.197266,-0.407959,-1.278564,-0.054199,-0.278076,1
-1.293945,-0.337158,-0.392334,-1.487061,-0.226318,-0.250488,1
-1.260986,-0.108887,-0.404541,-1.440918,-0.204834,-0.324463,1
-1.306885,0.072266,-0.474121,-1.35376,-0.187744,-0.460449,1
-1.311768,0.133545,-0.581299,-1.332031,-0.248047,-0.30957,1
-1.117432,0.152832,-0.594482,-1.452637,-0.441895,0.06665,1
-1.008789,0.17627,-0.486328,-1.627441,-0.498779,0.402344,1
-0.975098,0.125488,-0.446777,-1.618164,-0.30127,0.511719,1
-1.086426,0.033203,-0.371826,-1.643311,0.094238,0.359619,1
-1.064209,-0.077637,-0.30249,-1.441162,0.383545,0.077148,1
-0.87793,-0.194824,-0.282715,-1.191162,0.230957,-0.067627,1
-0.742188,-0.234375,-0.266846,-1.060059,-0.031738,0.021484,1
-0.671875,-0.20459,-0.251465,-1.00708,-0.25,0.161621,1
-0.733398,-0.171631,-0.203125,-0.913818,-0.345215,0.204346,1
-0.766113,-0.218994,-0.234375,-0.813477,-0.338867,0.201416,1
-0.797607,-0.202148,-0.217285,-0.699951,-0.216797,0.213135,1
-0.796875,-0.185303,-0.186035,-0.623779,-0.1604,0.237549,1
-0.796875,-0.15332,-0.186523,-0.574219,-0.15332,0.204834,1
-0.79541,-0.140869,-0.168213,-0.521484,-0.066895,0.134766,1
-0.78125,-0.156006,-0.135498,-0.511963,0.00293,0.010498,1
-0.799561,-0.137451,-0.097412,-0.544922,0.05542,-0.23999,1
-0.817627,-0.120605,-0.020996,-0.52832,0.252441,-0.626221,1
-0.851074,-0.112305,-0.01416,-0.59082,0.467285,-0.906006,1
-0.885254,-0.144531,-0.013916,-0.581299,0.313232,-0.973633,1
-0.938721,-0.137451,0.01123,-0.502441,0.007568,-0.784668,1
-0.987061,-0.119141,0.064209,-0.404053,-0.253662,-0.718994,1
-1.085449,-0.156006,-0.064941,-0.227051,-0.529053,-0.816406,1
-1.500488,-0.223877,-0.463867,-0.195068,-0.709961,-0.334717,1
-1.62793,0.036865,-0.434082,-0.928955,-0.328125,-0.760742,1
-1.218506,0.154053,-0.323486,-2.717773,-0.176758,-1.596191,1
-1.203857,-0.266113,-0.26709,-2.730957,0.181396,0.42749,1
-1.307373,-0.414551,-0.396729,-0.137939,0.371582,0.837158,1
-1.249268,-0.403564,-0.449463,-0.246094,0.411621,0.156006,1
-1.15332,-0.342773,-0.486816,-0.699707,0.417236,-0.064697,1
-1.043457,-0.34375,-0.363281,-1.081787,0.125977,-0.062988,1
-1.016846,-0.267578,-0.31958,-1.319336,-0.097168,0.087158,1
-1.025879,-0.212402,-0.319824,-1.279541,-0.430908,0.106689,1
-1.016357,-0.158936,-0.273926,-1.219727,-0.522461,-0.072266,1
-0.927002,-0.100586,-0.238281,-0.929932,-0.504639,-0.146973,1
-0.833252,-0.051758,-0.223145,-0.838867,-0.481689,-0.075684,1
-0.762207,-0.013672,-0.226074,-0.884277,-0.379883,-0.05835,1
-0.697021,-0.033203,-0.224365,-0.923584,-0.308594,-0.100098,1
-0.704102,-0.032227,-0.239014,-0.983398,-0.311523,-0.161621,1
-0.741699,-0.013916,-0.226318,-0.986084,-0.312256,-0.179199,1
-0.777588,-0.054688,-0.215088,-0.906982,-0.272949,-0.16333,1
-0.799561,-0.098633,-0.186523,-0.889404,-0.204834,-0.118652,1
-0.805908,-0.125977,-0.143066,-0.919189,-0.183105,-0.072754,1
-0.811523,-0.109619,-0.125,-0.906494,-0.183594,-0.056396,1
-0.819824,-0.087891,-0.143066,-0.886719,-0.145752,-0.070312,1
-0.830078,-0.051025,-0.16333,-0.933105,-0.159912,-0.073486,1
-0.872314,-0.013916,-0.14917,-1.012451,-0.249023,-0.106201,1
-0.967529,0.038574,-0.061035,-1.030762,-0.316162,-0.122803,1
-1.020264,0.037109,-0.02124,-1.002441,-0.30249,-0.098389,1
-1.130127,-0.012695,0.037109,-0.996826,-0.155518,-0.078613,1
-1.199707,-0.135254,-0.015869,-1.053223,0.023193,-0.149414,1
-1.379883,-0.19751,-0.343018,-1.129395,0.050293,-0.219727,1
-1.344727,-0.322021,-0.297852,-1.342041,-0.119141,-0.206055,1
-1.280273,-0.267578,-0.208008,-1.439453,-0.202148,-0.120361,1
-1.309326,0.011475,-0.281982,-1.376709,-0.146973,-0.280273,1
-1.300293,0.09668,-0.381104,-1.371582,-0.081055,-0.494141,1
-1.198242,0.081055,-0.490723,-1.249023,-0.185303,-0.369873,1
-1.103271,0.079346,-0.480713,-1.379883,-0.243652,-0.015137,1
-0.948486,0.062744,-0.410156,-1.541016,-0.302734,0.483643,1
-0.965576,0.077637,-0.443848,-1.587891,-0.127197,0.556641,1
-1.131348,0.066895,-0.327148,-1.636963,0.141846,0.20752,1
-1.105957,0.0271,-0.253418,-1.511963,0.469238,-0.031006,1
-0.951416,-0.130859,-0.251709,-1.220215,0.355225,-0.042236,1
-0.771729,-0.201416,-0.204346,-1.090088,0.209717,0.062012,1
-0.702881,-0.203125,-0.202881,-0.993164,-0.015625,0.212158,1
-0.766846,-0.187256,-0.218262,-0.880615,-0.154297,0.220215,1
-0.844482,-0.188721,-0.170898,-0.750732,-0.109375,0.156738,1
-0.793457,-0.236084,-0.187256,-0.669189,-0.108643,0.092041,1
-0.764648,-0.234375,-0.169922,-0.605225,-0.076416,0.061768,1
-0.782471,-0.23291,-0.153564,-0.557129,-0.058594,0.078369,1
-0.778076,-0.217041,-0.142578,-0.508545,-0.011475,0.053711,1
-0.746826,-0.222412,-0.172119,-0.461914,-0.025391,-0.07959,1
-0.751221,-0.251709,-0.125,-0.42749,-0.119385,-0.35498,1
-0.773438,-0.226318,-0.031982,-0.392334,-0.098633,-0.661621,1
-0.824463,-0.172852,-0.010254,-0.480713,-0.009766,-0.967041,1
-0.875732,-0.13916,0.009766,-0.602295,0.029297,-1.232178,1
-0.935303,-0.185059,0.060547,-0.639648,-0.057373,-1.015137,1
-0.98291,-0.232178,0.095215,-0.622803,-0.108643,-0.775879,1
-1.237061,-0.220459,-0.080811,-0.362793,-0.12207,-0.656982,1
-1.711182,-0.093018,-0.523438,-0.223389,-0.042725,-0.32373,1
-1.493164,0.10376,-0.419189,-1.693359,0.318359,-1.035889,1
-1.084717,0.053711,-0.351318,-3.330322,0.384277,-0.981445,1
-1.255859,-0.429443,-0.355225,-1.575684,0.636963,0.533936,1
-1.38623,-0.525879,-0.47998,0.297363,0.010742,0.564941,1
-1.288574,-0.481445,-0.548096,-0.257568,-0.168457,0.308594,1
-1.208496,-0.449951,-0.453125,-0.968018,-0.108154,0.138428,1
-1.137695,-0.373779,-0.413818,-1.431885,-0.150146,0.065674,1
-1.093018,-0.288086,-0.376465,-1.539307,-0.368164,0.104736,1
-1.023926,-0.233643,-0.298584,-1.22168,-0.541992,-0.037842,1
-0.968994,-0.188232,-0.269531,-0.960693,-0.42749,-0.118896,1
-0.884033,-0.095703,-0.258057,-0.870361,-0.37793,-0.099854,1
-0.753662,-0.042969,-0.238525,-0.854492,-0.293945,-0.108887,1
-0.650391,-0.060303,-0.23999,-0.905273,-0.268066,-0.107178,1
-0.616699,-0.029785,-0.251709,-0.915039,-0.22168,-0.165771,1
-0.603516,0.00293,-0.25,-0.914307,-0.17749,-0.248047,1
-0.65918,-0.032471,-0.256348,-0.925293,-0.143066,-0.228027,1
-0.758057,-0.061279,-0.227539,-0.906982,-0.101807,-0.12793,1
-0.777344,-0.059082,-0.175537,-0.928467,-0.141113,-0.052979,1
-0.769043,-0.028564,-0.190186,-0.928467,-0.219482,-0.05249,1
-0.797607,-0.005371,-0.196045,-0.911865,-0.244629,-0.074463,1
-0.828125,0.009033,-0.193115,-0.968262,-0.206055,-0.092041,1
-0.870117,0.029297,-0.158691,-0.991211,-0.149658,-0.006348,1
-0.911865,0.021484,-0.138184,-0.95752,-0.134766,0.022949,1
-0.971436,0.012207,-0.078369,-0.960693,-0.169678,-0.005615,1
-1.207031,0.040283,0.009033,-0.989502,-0.15918,-0.034912,1
-1.25708,-0.027832,0.026611,-1.031982,-0.050049,-0.088867,1
-1.281006,-0.102783,-0.248535,-1.105225,0.013916,-0.199707,1
-1.409912,-0.166504,-0.394531,-1.204346,-0.136963,-0.281006,1
-1.36377,-0.362061,-0.353516,-1.452393,-0.365967,-0.225098,1
-1.345215,-0.185059,-0.341309,-1.438477,-0.293213,-0.191406,1
-1.321533,0.040527,-0.442627,-1.468994,-0.178467,-0.431396,1
-1.304443,0.16626,-0.516846,-1.422607,-0.093018,-0.364502,1
-1.140137,0.132812,-0.603516,-1.407227,-0.220459,-0.088623,1
-1.04126,0.128662,-0.442871,-1.581787,-0.374268,0.410889,1
-0.99585,0.085205,-0.421387,-1.54541,-0.187256,0.641602,1
-1.07251,0.05127,-0.416016,-1.549316,0.001709,0.385986,1
-1.071533,0.023438,-0.290039,-1.535645,0.312256,0.074463,1
-0.935303,-0.085449,-0.267334,-1.198486,0.33667,-0.007568,1
-0.756104,-0.169189,-0.235107,-1.018555,0.185791,0.050049,1
-0.687988,-0.1875,-0.234131,-0.967285,0.030029,0.185303,1
-0.672119,-0.155762,-0.250244,-0.876709,-0.047119,0.261719,1
-0.721191,-0.141357,-0.265625,-0.745117,-0.035889,0.250732,1
-0.767334,-0.191406,-0.24707,-0.641113,0.025146,0.203857,1
-0.764404,-0.23584,-0.199463,-0.57251,0.007812,0.090332,1
-0.748779,-0.216309,-0.186523,-0.53418,-0.019287,0.120117,1
-0.748047,-0.199707,-0.18457,-0.497314,-0.016357,0.143555,1
-0.73584,-0.19165,-0.150391,-0.46167,-0.051025,0.042969,1
-0.775146,-0.237793,-0.113281,-0.46167,-0.120361,-0.220459,1
-0.816406,-0.208496,-0.055908,-0.489258,-0.095947,-0.502197,1
-0.822266,-0.137939,-0.060547,-0.628418,-0.013184,-0.8396,1
-0.887207,-0.084473,-0.039307,-0.7771,-0.025879,-1.316162,1
-0.918457,-0.101807,-0.009277,-0.805664,-0.184082,-1.331787,1
-0.95874,-0.154297,0.01709,-0.680664,-0.408936,-0.927734,1
-1.056885,-0.219482,-0.001221,-0.522217,-0.309326,-0.874756,1
-1.438477,-0.249268,-0.275635,-0.196045,-0.296143,-0.674561,1
-1.710693,-0.041016,-0.498291,-0.575684,-0.03833,-0.344238,1
-1.328369,0.053467,-0.384277,-2.392822,0.134033,-0.821045,1
-1.120117,-0.245361,-0.271484,-2.648682,0.480469,-0.107178,1
-1.380859,-0.525635,-0.378418,-0.702393,0.509521,0.602783,1
-1.368652,-0.50415,-0.485107,0.020508,0.153564,0.253174,1
-1.270752,-0.337402,-0.499268,-0.552734,0.102783,0.121338,1
-1.1521,-0.227295,-0.422852,-1.214111,-0.027344,0.19751,1
-0.998291,-0.0625,-0.015625,-0.950928,0.016113,0.058594,6
-1.006592,-0.0625,-0.015625,-0.952148,0.011475,0.044434,6
-1.017578,-0.0625,-0.015625,-0.95752,-0.002197,0.047607,6
-1.015625,-0.0625,-0.015625,-0.970947,0.000977,0.041992,6
-1.017334,-0.060547,-0.015625,-0.96875,-0.004883,0.028809,6
-1.007568,-0.070312,-0.015625,-0.96875,-0.017822,0.03125,6
-0.998047,-0.079834,-0.017578,-0.96875,-0.015625,0.03125,6
-0.999512,-0.063965,-0.091553,-0.952637,-0.078125,0.064209,6
-1.002197,-0.062744,-0.096191,-0.956787,-0.075928,0.078125,6
-1.020752,-0.059326,-0.111084,-0.98999,-0.060303,0.053223,6
-1.029297,-0.044678,-0.108154,-1.001465,-0.065186,0.011475,6
-1.014404,-0.046875,-0.11499,-1.000977,-0.081055,0.041016,6
-1.044434,-0.046143,-0.151855,-1.030762,-0.071045,0.093506,6
-1.124268,-0.050781,-0.181152,-1.089844,-0.041748,0.13916,6
-1.218018,-0.064697,-0.185303,-1.097656,-0.05249,0.159912,6
-1.264893,-0.064453,-0.17041,-1.123291,-0.05835,0.161621,6
-1.26709,-0.053467,-0.168945,-1.176025,-0.008789,0.170166,6
-1.230957,-0.02002,-0.143066,-1.18335,0.011475,0.14624,6
-1.162109,-0.016113,-0.120361,-1.107666,-0.057861,0.143066,6
-1.091797,-0.043945,-0.123535,-1.004395,-0.115967,0.208984,6
-1.018066,-0.071533,-0.126709,-0.910889,-0.125977,0.257568,6
-0.949219,-0.088379,-0.160645,-0.852295,-0.095215,0.184082,6
-0.874756,-0.088867,-0.200684,-0.833984,-0.070312,0.075195,6
-0.810303,-0.077637,-0.205078,-0.822266,-0.051025,0.000244,6
-0.76001,-0.068848,-0.203125,-0.796875,-0.007812,-0.036865,6
-0.736328,-0.068115,-0.203125,-0.769287,0.037354,-0.056641,6
-0.736328,-0.079834,-0.203125,-0.763672,0.05249,-0.027588,6
-0.762207,-0.078125,-0.205078,-0.763428,0.042236,0.022705,6
-0.799805,-0.078125,-0.196533,-0.770264,0.013428,0.081543,6
-0.828613,0.10498,-0.581055,-0.969238,-0.063477,-0.3125,6
-0.824219,0.095215,-0.599609,-0.953125,-0.062256,-0.3125,6
-0.810059,0.111572,-0.610596,-0.953125,-0.078369,-0.3125,6
-0.8125,0.110107,-0.61377,-0.952881,-0.094238,-0.3125,6
-0.8125,0.104492,-0.626221,-0.953857,-0.094482,-0.3125,6
-0.811279,0.091309,-0.629883,-0.969727,-0.110352,-0.311035,6
-0.819092,0.09375,-0.642822,-0.96875,-0.109375,-0.29541,6
-0.824707,0.09375,-0.63916,-0.966553,-0.109619,-0.296875,6
-0.810059,0.09375,-0.646484,-0.951172,-0.104248,-0.296875,6
-0.8125,0.095215,-0.658447,-0.953125,-0.077393,-0.296875,6
-0.8125,0.086914,-0.65625,-0.953125,-0.092529,-0.296143,6
-0.814209,0.077637,-0.65625,-0.953125,-0.075928,-0.299561,6
-0.806885,0.070801,-0.654297,-0.952393,-0.078125,-0.318359,6
-0.787109,0.060303,-0.661865,-0.958008,-0.078125,-0.330322,6
-0.779297,0.0625,-0.681641,-0.966309,-0.078125,-0.328125,6
-0.783203,0.064453,-0.687256,-0.95166,-0.078125,-0.328125,6
-0.774658,0.053955,-0.695801,-0.946533,-0.078125,-0.326904,6
-0.755127,0.045166,-0.70459,-0.940674,-0.079346,-0.33374,6
-0.748291,0.046875,-0.700684,-0.955322,-0.070557,-0.347412,6
-0.75,0.046875,-0.7146,-0.953125,-0.068115,-0.337158,6
-0.75,0.049072,-0.708008,-0.953125,-0.074951,-0.325928,6
-0.75,0.036621,-0.71167,-0.953125,-0.053223,-0.326172,6
-0.75,0.030029,-0.719727,-0.953125,-0.044678,-0.335449,6
-0.75,0.03125,-0.71875,-0.953125,-0.046875,-0.345459,6
-0.75,0.03125,-0.71875,-0.953125,-0.046875,-0.34375,6
-0.75,0.03125,-0.716309,-0.953125,-0.044678,-0.34375,6
-0.75,0.03125,-0.730225,-0.953125,-0.055664,-0.34375,6
-0.75,0.033203,-0.734863,-0.955322,-0.063965,-0.34375,6
-0.75,0.019043,-0.734375,-0.943359,-0.0625,-0.34375,6
-0.75,0.014893,-0.734375,-0.933838,-0.0625,-0.34375,6
-0.75,0.015625,-0.734375,-0.947754,-0.0625,-0.34375,6
-0.751709,0.015625,-0.734375,-0.954102,-0.064697,-0.34375,6
-0.734863,0.015625,-0.734375,-0.953125,-0.048828,-0.341309,6
-0.747803,0.013916,-0.734375,-0.953125,-0.057617,-0.355225,6
-0.751221,0.030762,-0.73291,-0.953125,-0.062988,-0.362061,6
-0.735596,0.016846,-0.748535,-0.953125,-0.064453,-0.346924,6
-0.734131,0.015381,-0.75,-0.953125,-0.049805,-0.343262,6
-0.734375,0.015625,-0.75,-0.953125,-0.046387,-0.34375,6
-0.734375,0.015625,-0.75,-0.953125,-0.045166,-0.34375,6
-0.734375,0.015381,-0.75,-0.953125,-0.060547,-0.34375,6
-0.734375,0.03125,-0.75,-0.953125,-0.0625,-0.34375,6
-0.734375,0.03125,-0.75,-0.953125,-0.0625,-0.344482,6
-0.734375,0.031006,-0.75,-0.953125,-0.0625,-0.328613,6
-0.734375,0.032227,-0.75,-0.953125,-0.0625,-0.327881,6
-0.734375,0.047852,-0.75,-0.953125,-0.0625,-0.328125,6
-0.734375,0.048584,-0.75,-0.953125,-0.0625,-0.328125,6
-0.734375,0.061768,-0.75,-0.953125,-0.0625,-0.328125,6
-0.731934,0.044922,-0.75,-0.953125,-0.0625,-0.328125,6
-0.716797,0.046875,-0.75,-0.953125,-0.0625,-0.328125,6
-0.71875,0.046875,-0.749512,-0.953125,-0.0625,-0.328125,6
-0.71875,0.046875,-0.753174,-0.953125,-0.0625,-0.328369,6
-0.719238,0.046875,-0.767578,-0.953125,-0.0625,-0.325439,6
-0.7146,0.046875,-0.765625,-0.953125,-0.0625,-0.310059,6
-0.700684,0.045898,-0.766357,-0.953125,-0.0625,-0.315674,6
-0.702148,0.05127,-0.760986,-0.952393,-0.061768,-0.330811,6
-0.707764,0.064697,-0.746582,-0.957031,-0.066406,-0.324707,6
-0.722168,0.0625,-0.755127,-0.970947,-0.080322,-0.305664,6
-0.713135,0.0625,-0.767822,-0.969727,-0.078125,-0.294434,6
-0.700684,0.0625,-0.765625,-0.963379,-0.078125,-0.296875,6
-0.703125,0.0625,-0.765625,-0.950684,-0.078125,-0.296875,6
-0.703125,0.0625,-0.765625,-0.95166,-0.079346,-0.296875,6
-0.703125,0.0625,-0.765625,-0.959229,-0.071777,-0.296875,6
-0.703125,0.0625,-0.765625,-0.970947,-0.060059,-0.296875,6
-0.703125,0.0625,-0.765625,-0.96875,-0.0625,-0.296875,6
-0.703125,0.060547,-0.765625,-0.970459,-0.060547,-0.294922,6
-0.703125,0.072266,-0.763428,-0.960938,-0.070068,-0.306396,6
-0.705078,0.071533,-0.775879,-0.951172,-0.079834,-0.306152,6
-0.69458,0.060547,-0.772217,-0.950928,-0.078125,-0.294922,6
-0.685791,0.0625,-0.772705,-0.961914,-0.078125,-0.296875,6
-0.6875,0.0625,-0.782715,-0.970215,-0.078125,-0.296875,6
-0.6875,0.0625,-0.78125,-0.96875,-0.080322,-0.299072,6
-0.6875,0.0625,-0.78125,-0.96875,-0.068115,-0.286865,6
-0.6875,0.0625,-0.78125,-0.96875,-0.061279,-0.280029,6
-0.6875,0.0625,-0.78125,-0.96875,-0.064697,-0.28125,6
-0.6875,0.0625,-0.78125,-0.96875,-0.05127,-0.283447,6
-0.6875,0.0625,-0.78125,-0.96875,-0.043701,-0.267578,6
-0.6875,0.0625,-0.78125,-0.96875,-0.058594,-0.276611,6
-0.6875,0.0625,-0.78125,-0.96875,-0.062988,-0.283936,6
-0.6875,0.0625,-0.78125,-0.96875,-0.0625,-0.266602,6
-0.6875,0.0625,-0.78125,-0.96875,-0.0625,-0.276123,6
-0.6875,0.064453,-0.78125,-0.96875,-0.0625,-0.294678,6
-0.6875,0.049561,-0.78125,-0.970215,-0.0625,-0.296875,6
-0.6875,0.046387,-0.78125,-0.953369,-0.0625,-0.296875,6
-0.6875,0.046875,-0.78125,-0.967285,-0.0625,-0.297852,6
-0.6875,0.04541,-0.78125,-0.96875,-0.061523,-0.28125,6
-0.688721,0.060791,-0.78125,-0.96875,-0.077393,-0.295654,6
-0.673096,0.0625,-0.780029,-0.96875,-0.078125,-0.312256,6
-0.670898,0.0625,-0.796631,-0.96875,-0.078125,-0.296631,6
-0.686768,0.0625,-0.781738,-0.96875,-0.078125,-0.296875,6
-0.6875,0.0625,-0.781006,-0.96875,-0.078125,-0.296875,6
-0.6875,0.0625,-0.78125,-0.967285,-0.078125,-0.296875,6
-0.6875,0.062744,-0.781494,-0.953369,-0.076416,-0.296875,6
-0.6875,0.078613,-0.796631,-0.970215,-0.060791,-0.294678,6
-0.6875,0.078125,-0.780273,-0.96875,-0.0625,-0.279053,6
-0.6875,0.078125,-0.78125,-0.96875,-0.0625,-0.283936,6
-0.6875,0.078125,-0.78125,-0.96875,-0.0625,-0.298828,6
-0.6875,0.078125,-0.78125,-0.969238,-0.0625,-0.296875,6
-0.6875,0.075928,-0.780762,-0.964111,-0.0625,-0.296143,6
-0.6875,0.060547,-0.783936,-0.955811,-0.061523,-0.301025,6
-0.6875,0.0625,-0.79541,-0.966309,-0.066895,-0.314697,6
-0.6875,0.0625,-0.782715,-0.950684,-0.081299,-0.3125,6
-0.6875,0.0625,-0.79541,-0.953125,-0.071533,-0.3125,6
-0.6875,0.0625,-0.77832,-0.953125,-0.065918,-0.3125,6
-0.688232,0.063232,-0.785156,-0.953125,-0.080322,-0.3125,6
-0.683105,0.058105,-0.799072,-0.953125,-0.078125,-0.310791,6
-0.669434,0.043457,-0.796875,-0.953125,-0.078125,-0.319092,6
-0.671875,0.051514,-0.796875,-0.953125,-0.078125,-0.330078,6
-0.672852,0.064697,-0.796875,-0.953125,-0.078125,-0.328125,6
-0.665039,0.0625,-0.796875,-0.953125,-0.078125,-0.330078,6
-0.659668,0.0625,-0.796875,-0.953125,-0.078125,-0.319824,6
-0.675537,0.0625,-0.796875,-0.950928,-0.078125,-0.312744,6
-0.665283,0.0625,-0.796875,-0.961914,-0.080322,-0.303467,6
-0.654053,0.060791,-0.796875,-0.970215,-0.070801,-0.297607,6
-0.65625,0.069336,-0.794922,-0.970947,-0.05127,-0.286865,6
-0.65625,0.080078,-0.804199,-0.956299,-0.04541,-0.279785,6
-0.65625,0.078125,-0.814453,-0.962402,-0.046875,-0.28125,6
-0.65625,0.080078,-0.814453,-0.969727,-0.046875,-0.28125,6
-0.65625,0.067627,-0.804199,-0.96875,-0.046875,-0.278809,6
-0.654053,0.069092,-0.794922,-0.96875,-0.046875,-0.292725,6
-0.667236,0.07959,-0.794678,-0.970703,-0.044678,-0.297363,6
-0.664062,0.078125,-0.808105,-0.956299,-0.059082,-0.296875,6
-0.654785,0.080322,-0.804443,-0.952637,-0.060791,-0.294922,6
-0.65625,0.068115,-0.793213,-0.951172,-0.075439,-0.309814,6
-0.65625,0.061035,-0.806885,-0.968018,-0.078369,-0.312744,6
-0.65625,0.0625,-0.813477,-0.955078,-0.078125,-0.313721,6
-0.65625,0.0625,-0.8125,-0.952881,-0.078125,-0.298096,6
-0.65625,0.060059,-0.8125,-0.952148,-0.078857,-0.296631,6
-0.65625,0.075928,-0.8125,-0.968018,-0.062988,-0.296875,6
-0.65625,0.067139,-0.8125,-0.96875,-0.062256,-0.296875,6
-0.65625,0.05957,-0.8125,-0.96875,-0.0625,-0.296631,6
-0.65625,0.074707,-0.8125,-0.96875,-0.0625,-0.28125,6
-0.65625,0.078369,-0.8125,-0.967773,-0.0625,-0.297363,6
-0.65625,0.079834,-0.8125,-0.953125,-0.062256,-0.296875,6
-0.65625,0.064941,-0.8125,-0.969971,-0.063965,-0.296875,6
-0.65625,0.062012,-0.8125,-0.96875,-0.079346,-0.296875,6
-0.65625,0.0625,-0.8125,-0.968994,-0.078125,-0.296875,6
-0.65625,0.0625,-0.8125,-0.966064,-0.078125,-0.296875,6
-0.65625,0.0625,-0.8125,-0.950684,-0.078369,-0.296875,6
-0.65625,0.0625,-0.8125,-0.956299,-0.074707,-0.296875,6
-0.65625,0.0625,-0.8125,-0.970703,-0.060303,-0.296875,6
-0.65625,0.062012,-0.8125,-0.969482,-0.0625,-0.296875,6
-0.946777,0.030029,0.262695,-0.953125,-0.002197,0.060059,6
-0.954102,0.03125,0.255859,-0.953125,0.013916,0.074219,6
-0.953125,0.028809,0.249023,-0.953125,0.001709,0.078613,6
-0.953125,0.044678,0.25,-0.953125,0.013916,0.080078,6
-0.955322,0.035889,0.25,-0.953125,0.00293,0.063232,6
-0.940918,0.030518,0.25,-0.953125,-0.000244,0.075439,6
-0.9375,0.03125,0.2771,-0.958008,0.002197,0.052979,6
-0.939453,0.03125,0.281738,-0.949707,-0.010742,0.045654,6
-0.924561,0.032959,0.282959,-0.966553,-0.018555,0.046875,6
-0.919678,0.016113,0.266113,-0.955566,-0.003906,0.044434,6
-0.935303,0.028809,0.280273,-0.964355,0.002686,0.061035,6
-0.9375,0.03125,0.266113,-0.969238,-0.012207,0.04834,6
-0.9375,0.03125,0.279541,-0.96875,-0.015869,0.059082,6
-0.9375,0.03125,0.28125,-0.970459,-0.015625,0.062744,6
-0.9375,0.03125,0.28125,-0.955078,-0.015625,0.0625,6
-0.937988,0.031738,0.28125,-0.951416,-0.016846,0.0625,6
-0.9375,0.03125,0.265625,-0.953125,0.000244,0.047119,6
-0.9375,0.03125,0.265625,-0.969238,0.016113,0.062988,6
-0.9375,0.03125,0.265625,-0.96875,0.015625,0.061279,6
-0.9375,0.030273,0.265625,-0.96875,0.015625,0.047119,6
-0.9375,0.035889,0.265625,-0.966553,0.015625,0.063721,6
-0.9375,0.049072,0.265625,-0.953613,0.015625,0.0625,6
-0.9375,0.046875,0.265625,-0.970459,0.015625,0.0625,6
-0.9375,0.046875,0.265625,-0.968994,0.015625,0.0625,6
-0.9375,0.046875,0.265625,-0.964844,0.016113,0.062988,6
-0.9375,0.046875,0.265625,-0.95459,0.011963,0.058105,6
-0.9375,0.046875,0.265625,-0.97168,-0.002197,0.048584,6
-0.9375,0.046875,0.28125,-0.953125,-0.001953,0.078125,6
-0.9375,0.046875,0.281738,-0.953125,0.012451,0.078125,6
-0.9375,0.046143,0.277588,-0.953125,0.015869,0.078125,6
-0.9375,0.050537,0.263916,-0.951172,0.015625,0.079834,6
-0.9375,0.06543,0.260498,-0.968018,0.015625,0.064453,6
-0.9375,0.057861,0.251953,-0.954834,0.015625,0.062256,6
-0.9375,0.044434,0.267822,-0.952881,0.016602,0.0625,6
-0.939697,0.013428,0.296875,-0.953125,-0.013428,0.078125,6
-0.923584,0.002686,0.296875,-0.953125,-0.015625,0.078125,6
-0.932861,0.010986,0.296875,-0.953125,-0.015625,0.078125,6
-0.937988,0.018311,0.296875,-0.953125,-0.014648,0.078125,6
-0.9375,0.003174,0.296875,-0.953125,-0.02124,0.079102,6
-0.9375,-0.000244,0.296875,-0.953125,-0.0271,0.071777,6
-0.9375,0.059814,0.25,-0.953125,-0.008545,0.074219,6
-0.9375,0.045166,0.249512,-0.953125,-0.01709,0.089111,6
-0.9375,0.043701,0.25293,-0.953125,-0.015625,0.083496,6
-0.9375,0.029053,0.267578,-0.953125,-0.013184,0.088623,6
-0.9375,0.03125,0.265625,-0.950684,-0.025635,0.08252,6
-0.9375,0.03125,0.265625,-0.96582,-0.030029,0.0896,6
-0.936523,0.03125,0.265625,-0.956543,-0.044189,0.081543,6
-0.943115,0.03125,0.264404,-0.965576,-0.036377,0.090576,6
-0.950195,0.03125,0.271484,-0.957764,-0.030273,0.082764,6
-0.933838,0.03125,0.276855,-0.952393,-0.033203,0.077393,6
-0.944336,0.03125,0.268799,-0.953125,-0.018799,0.078125,6
-0.949463,0.032471,0.283447,-0.953125,-0.015137,0.076172,6
-0.935059,0.024902,0.28125,-0.953125,-0.015625,0.092773,6
-0.9375,0.013184,0.28125,-0.953125,-0.015625,0.080566,6
-0.9375,0.015625,0.28125,-0.95166,-0.015625,0.077881,6
-0.9375,0.015625,0.28125,-0.968262,-0.014404,0.078125,6
-0.939209,0.017334,0.28125,-0.954102,-0.030029,0.078857,6
-0.927734,0.007812,0.28125,-0.952881,-0.030518,0.0625,6
-0.927979,-0.001709,0.28125,-0.953125,-0.046387,0.077881,6
-0.906494,-0.015625,0.34375,-0.953125,0.000732,0.094727,6
-0.906006,-0.015381,0.34375,-0.953125,-0.014893,0.093506,6
-0.90625,-0.031006,0.34375,-0.952881,-0.015625,0.09375,6
-0.90625,-0.015137,0.34375,-0.968506,-0.015625,0.077881,6
-0.90625,-0.015625,0.34375,-0.952637,-0.015625,0.078125,6
-0.90625,-0.015381,0.34375,-0.953125,-0.015625,0.078125,6
-0.90625,-0.016846,0.34375,-0.953125,-0.015625,0.078125,6
-0.90625,-0.032471,0.343506,-0.953125,-0.015625,0.076172,6
-0.90625,-0.03125,0.345703,-0.953125,-0.015625,0.062744,6
-0.90625,-0.030762,0.36084,-0.953125,-0.015137,0.082031,6
-0.90625,-0.03418,0.359375,-0.953125,-0.018311,0.095459,6
-0.90625,-0.045654,0.359375,-0.953125,-0.033203,0.09375,6
-0.90625,-0.029053,0.359375,-0.953125,-0.03125,0.09375,6
-0.90625,-0.03125,0.359375,-0.953125,-0.031738,0.09375,6
-0.90625,-0.03125,0.359375,-0.953125,-0.026855,0.094482,6
-0.90625,-0.03125,0.359375,-0.953125,-0.012207,0.089111,6
-0.90625,-0.03125,0.359375,-0.953125,-0.020508,0.075684,6
-0.90625,-0.030029,0.359375,-0.953125,-0.033447,0.078125,6
-0.90625,-0.037354,0.359375,-0.953125,-0.03125,0.078125,6
-0.907471,-0.043701,0.359375,-0.953125,-0.032471,0.078125,6
-0.898926,-0.028809,0.359375,-0.953125,-0.024658,0.078125,6
-0.894287,-0.03125,0.359375,-0.953125,-0.013428,0.078125,6
-0.908447,-0.029541,0.357666,-0.953125,-0.013672,0.078125,6
-0.90625,-0.037842,0.367676,-0.953125,-0.022949,0.078125,6
-0.90625,-0.048828,0.368408,-0.953125,-0.032959,0.078125,6
-0.90625,-0.046875,0.366211,-0.953125,-0.03125,0.078125,6
-0.90625,-0.046875,0.369385,-0.953125,-0.03125,0.078125,6
-0.90625,-0.046875,0.357422,-0.953125,-0.03125,0.078125,6
-0.90625,-0.046875,0.359375,-0.953125,-0.033447,0.078125,6
-0.90625,-0.046875,0.359375,-0.953125,-0.021484,0.078125,6
-0.90625,-0.046875,0.359375,-0.953125,-0.011963,0.078125,6
-0.90625,-0.046875,0.359375,-0.953125,-0.025879,0.080322,6
-0.90625,-0.049072,0.359375,-0.953125,-0.032227,0.064941,6
-0.90625,-0.034668,0.359375,-0.953125,-0.03125,0.072754,6
-0.90625,-0.040039,0.359375,-0.953125,-0.03125,0.078857,6
-0.90625,-0.047852,0.359375,-0.953125,-0.03125,0.078125,6
-0.90625,-0.049072,0.359375,-0.950928,-0.03125,0.075928,6
-0.903809,-0.035645,0.359375,-0.967529,-0.03125,0.092529,6
-0.919678,-0.028076,0.359375,-0.956055,-0.03125,0.081055,6
-0.910889,-0.042725,0.359375,-0.952637,-0.03125,0.077637,6
-0.905518,-0.047363,0.359375,-0.953125,-0.03125,0.078125,6
-0.90625,-0.046875,0.361328,-0.953125,-0.032471,0.078125,6
-0.90625,-0.046875,0.344727,-0.953125,-0.015625,0.078125,6
-0.90625,-0.046875,0.35791,-0.953125,-0.030273,0.078125,6
-0.90625,-0.048584,0.346436,-0.953125,-0.031494,0.078125,6
-0.90625,-0.031738,0.343262,-0.953125,-0.015625,0.078125,6
-0.90625,-0.046143,0.34375,-0.953125,-0.015625,0.078125,6
-0.90625,-0.032715,0.34375,-0.953125,-0.015625,0.078125,6
-0.905029,-0.031006,0.34375,-0.953125,-0.015625,0.078125,6
-0.921631,-0.03125,0.34375,-0.953125,-0.015625,0.078125,6
-0.906738,-0.03125,0.34375,-0.953125,-0.015625,0.078125,6
-0.905762,-0.03125,0.34375,-0.953125,-0.015625,0.078125,6
-0.921631,-0.03125,0.34375,-0.953125,-0.015625,0.078125,6
-0.905762,-0.03125,0.34375,-0.953125,-0.015625,0.078125,6
-0.906738,-0.03125,0.343018,-0.953125,-0.014893,0.078125,6
-0.922607,-0.03125,0.328125,-0.953125,-0.019043,0.078125,6
-0.92041,-0.03125,0.344727,-0.953125,-0.03418,0.078125,6
-0.904785,-0.03125,0.342041,-0.953125,-0.026855,0.078125,6
-0.906006,-0.03125,0.326416,-0.953125,-0.013184,0.078125,6
-0.908203,-0.031494,0.330078,-0.953125,-0.015625,0.078125,6
-0.923584,-0.02832,0.345703,-0.953125,-0.01416,0.078125,6
-0.921387,-0.016846,0.34082,-0.953125,-0.02124,0.078125,6
-0.924805,-0.030029,0.326416,-0.95459,-0.033447,0.076416,6
-0.939453,-0.013428,0.324707,-0.944824,-0.03125,0.086182,6
-0.937988,-0.014893,0.310791,-0.942139,-0.03125,0.087158,6
-0.93335,-0.019531,0.30835,-0.955078,-0.03125,0.084961,6
-0.919434,-0.033447,0.294434,-0.953125,-0.032959,0.087891,6
-0.921875,-0.031982,0.295898,-0.950928,-0.022949,0.076172,6
-0.921875,-0.026123,0.302734,-0.963623,-0.011719,0.080078,6
-0.921875,-0.013184,0.30835,-0.959229,-0.024414,0.069092,6
-0.92041,-0.015625,0.30127,-0.960693,-0.032715,0.060791,6
-0.928955,-0.015625,0.308838,-0.972412,-0.028809,0.0625,6
-0.933594,-0.015625,0.294434,-0.95874,-0.041016,0.0625,6
-0.917969,-0.015625,0.296875,-0.949463,-0.050293,0.060059,6
-0.928467,-0.01709,0.29834,-0.966064,-0.036133,0.072998,6
-0.941162,-0.008545,0.289795,-0.958496,-0.030273,0.078857,6
-0.928223,0.001953,0.279053,-0.952148,-0.033447,0.078125,6
-0.890625,-0.03125,0.390625,-0.953125,0.001953,0.105469,6
-0.890625,-0.03125,0.390625,-0.953125,-0.009033,0.120605,6
-0.890625,-0.03125,0.390625,-0.953125,-0.016846,0.119141,6
-0.890625,-0.031738,0.391113,-0.953125,-0.017822,0.100342,6
-0.890625,-0.026855,0.386719,-0.950684,-0.005127,0.082031,6
-0.891357,-0.017334,0.372559,-0.966064,0.000977,0.076904,6
-0.885254,-0.033447,0.374023,-0.958496,0.002197,0.080322,6
-0.877197,-0.03125,0.380371,-0.952148,-0.01123,0.064453,6
-0.892822,-0.03125,0.387939,-0.953125,-0.016113,0.073486,6
-0.890625,-0.030029,0.372559,-0.950928,-0.015625,0.078613,6
-0.890625,-0.037842,0.373535,-0.967529,-0.015625,0.078125,6
-0.891846,-0.041748,0.380615,-0.956055,-0.015625,0.076172,6
-0.882812,-0.034912,0.392822,-0.952637,-0.017334,0.0896,6
-0.87915,-0.049072,0.390625,-0.953125,-0.000488,0.107422,6
-0.892578,-0.04834,0.388916,-0.953125,-0.013672,0.108154,6
-0.890625,-0.037842,0.399414,-0.954102,-0.015625,0.123535,6
-0.890625,-0.036377,0.400879,-0.938232,-0.015625,0.125,6
-0.890625,-0.050537,0.390381,-0.937256,-0.015625,0.124268,6
-0.890625,-0.038818,0.382568,-0.9375,-0.015625,0.140381,6
-0.890625,-0.029297,0.371094,-0.937256,0,0.140381,6
-0.890625,-0.03125,0.383545,-0.937988,-0.016113,0.123779,6
-0.890625,-0.03125,0.39209,-0.953857,-0.015625,0.108398,6
-0.890625,-0.03125,0.390625,-0.953125,-0.015625,0.10791,6
-0.890625,-0.03125,0.390625,-0.953125,-0.015625,0.092285,6
-0.890625,-0.03125,0.392822,-0.953125,-0.015625,0.09375,6
-0.890625,-0.03125,0.37793,-0.953125,-0.015137,0.09375,6
-0.890625,-0.03125,0.384277,-0.953125,-0.018555,0.092773,6
-0.890625,-0.03125,0.391602,-0.953125,-0.030029,0.099854,6
-0.890625,-0.03125,0.390625,-0.953613,-0.013428,0.12915,6
-0.890625,-0.03125,0.390625,-0.949219,-0.015625,0.124268,6
-0.890625,-0.03125,0.390625,-0.934326,-0.016357,0.129883,6
-0.890625,-0.03125,0.390625,-0.941895,-0.010986,0.138184,6
-0.890625,-0.033203,0.390625,-0.955322,0.002197,0.123535,6
-0.890625,-0.018555,0.390625,-0.953125,0,0.118408,6
-0.890625,-0.015137,0.390625,-0.953125,0,0.112793,6
-0.890625,-0.015625,0.390625,-0.953125,0.001221,0.127197,6
-0.890625,-0.013916,0.39209,-0.953125,-0.006348,0.125,6
-0.890625,-0.030762,0.375244,-0.953125,-0.017578,0.125,6
-0.890625,-0.015869,0.388916,-0.953125,-0.015625,0.126709,6
-0.890625,-0.029785,0.390625,-0.953125,-0.015625,0.117432,6
-0.890625,-0.03125,0.390625,-0.953125,-0.015625,0.107422,6
-0.890625,-0.03125,0.390625,-0.953125,-0.015625,0.109375,6
-0.890625,-0.03125,0.390625,-0.953125,-0.015625,0.109375,6
-0.890625,-0.03125,0.390381,-0.953125,-0.015625,0.109375,6
-0.890625,-0.03125,0.374512,-0.953125,-0.013184,0.109375,6
-0.890625,-0.03125,0.375,-0.953125,-0.027588,0.106934,6
-0.890625,-0.030029,0.375,-0.953125,-0.022217,0.119385,6
-0.890625,-0.014404,0.375,-0.953125,-0.014404,0.125977,6
-0.890625,-0.01709,0.375,-0.953125,-0.015625,0.127197,6
-0.890625,-0.032715,0.375,-0.953125,-0.013184,0.113525,6
-0.890625,-0.03125,0.375,-0.953125,-0.0271,0.108398,6
-0.890625,-0.03125,0.375,-0.953125,-0.033936,0.109375,6
-0.890625,-0.03125,0.375,-0.953125,-0.016846,0.111328,6
-0.890625,-0.03125,0.375,-0.953125,-0.029785,0.094727,6
-0.890625,-0.03125,0.375,-0.953125,-0.018311,0.106445,6
-0.890625,-0.030518,0.375,-0.953125,-0.015137,0.109619,6
-0.889648,-0.035156,0.375,-0.953125,-0.015625,0.110596,6
-0.894775,-0.049805,0.375,-0.953125,-0.015625,0.093994,6
-0.909424,-0.042969,0.375,-0.953125,-0.016357,0.109131,6
-0.901123,-0.022705,0.375,-0.953125,-0.000488,0.09375,6
-0.888184,-0.018555,0.375,-0.953125,0.000244,0.109131,6
-0.88916,-0.033447,0.375,-0.953125,-0.015625,0.09375,6
-0.897705,-0.03125,0.375,-0.953125,-0.031494,0.109619,6
-0.9021,-0.03125,0.375,-0.953125,-0.030273,0.109375,6
-0.886719,-0.03125,0.375,-0.953125,-0.014404,0.109375,6
-0.897217,-0.032715,0.375,-0.951416,-0.015625,0.109375,6
-0.909912,-0.022217,0.375,-0.937744,-0.015625,0.109375,6
-0.896729,-0.020996,0.375,-0.95459,-0.015625,0.109375,6
-0.898193,-0.033203,0.375,-0.953125,-0.015625,0.109375,6
-0.899902,-0.029053,0.375,-0.953125,-0.015625,0.109619,6
-0.886719,-0.041504,0.375,-0.953125,-0.015625,0.105957,6
-0.89917,-0.039795,0.375,-0.953125,-0.015625,0.091553,6
-0.907715,-0.029541,0.375,-0.953125,-0.015625,0.092773,6
-0.90625,-0.03125,0.375,-0.953125,-0.015625,0.098145,6
-0.908447,-0.03125,0.375,-0.953125,-0.015625,0.111572,6
-0.89624,-0.03125,0.375,-0.953125,-0.015625,0.109375,6
-0.886963,-0.03125,0.377197,-0.953125,-0.015625,0.109375,6
-0.901123,-0.03125,0.362061,-0.954346,-0.015625,0.109375,6
-0.909424,-0.03125,0.369141,-0.945068,-0.015625,0.109375,6
-0.892822,-0.03125,0.375732,-0.941895,-0.015625,0.109375,6
-0.90332,-0.03125,0.375,-0.955078,-0.015625,0.109375,6
-0.89502,-0.03125,0.375,-0.953125,-0.015625,0.109375,6
-0.887695,-0.03125,0.375,-0.953125,-0.015625,0.109375,6
-0.902832,-0.03125,0.375,-0.953125,-0.015625,0.109375,6
-0.906494,-0.029297,0.375,-0.953125,-0.015625,0.111328,6
-0.90625,-0.045898,0.376709,-0.953125,-0.015625,0.100342,6
-0.90625,-0.033691,0.359863,-0.953125,-0.015625,0.092041,6
-0.90625,-0.029297,0.372559,-0.953125,-0.015625,0.09375,6
-0.90625,-0.044922,0.375,-0.953125,-0.017822,0.09375,6
-0.90625,-0.046875,0.375977,-0.953125,-0.00293,0.09375,6
-0.90625,-0.047607,0.359375,-0.953125,-0.009521,0.09375,6
-0.90625,-0.03125,0.374756,-0.953125,-0.016357,0.09375,6
-0.90625,-0.046143,0.359863,-0.953125,-0.017822,0.09375,6
-0.90625,-0.046875,0.359131,-0.953125,-0.001465,0.09375,6
-0.90625,-0.031006,0.359375,-0.953125,-0.011475,0.095703,6
-0.90625,-0.031494,0.359375,-0.953125,-0.018066,0.079102,6
-0.905273,-0.047363,0.359375,-0.953125,-0.002441,0.090576,6
-0.889404,-0.046875,0.359375,-0.953125,0.000244,0.093994,6
-0.90625,-0.03125,0.375,-0.938477,-0.016357,0.107422,6
-0.90625,-0.03125,0.373535,-0.954346,-0.01416,0.092529,6
-0.904541,-0.03125,0.35791,-0.951172,-0.000488,0.09375,6
-0.888916,-0.031006,0.359375,-0.937988,-0.014648,0.09375,6
-0.890625,-0.033447,0.359375,-0.954834,-0.000488,0.09375,6
-0.890625,-0.048828,0.359375,-0.953125,-0.01709,0.09375,6
-0.890625,-0.043457,0.359375,-0.952393,-0.019287,0.094238,6
-0.890625,-0.032227,0.359375,-0.957275,-0.029785,0.090088,6
-0.890625,-0.049561,0.359375,-0.966064,-0.013184,0.074951,6
-0.890625,-0.042969,0.359375,-0.955811,-0.015625,0.082275,6
-0.890625,-0.028809,0.359375,-0.966309,-0.015625,0.095947,6
-0.890625,-0.03125,0.359375,-0.950684,-0.015625,0.09375,6
-0.890625,-0.03125,0.359375,-0.953125,-0.015625,0.09375,6
-0.890625,-0.03125,0.358154,-0.953125,-0.015625,0.092285,6
-0.890625,-0.032227,0.364746,-0.953125,-0.015625,0.099854,6
-0.890625,-0.02417,0.377197,-0.953125,-0.01709,0.113037,6
-0.890625,-0.019287,0.375,-0.953125,-0.008545,0.100586,6
-0.890625,-0.033447,0.375,-0.953125,0.001953,0.098877,6
-0.890625,-0.03125,0.375,-0.953125,0,0.111328,6
-0.888672,-0.03125,0.375,-0.953125,0.001953,0.109375,6
-0.899658,-0.03125,0.375,-0.953125,-0.008301,0.109375,6
-0.898682,-0.032959,0.375,-0.953125,-0.01709,0.109375,6
-0.898438,-0.02124,0.375,-0.953125,-0.015625,0.109375,6
-0.897705,-0.023926,0.372803,-0.953125,-0.015625,0.109375,6
-0.899414,-0.024414,0.385498,-0.953125,-0.015625,0.109375,6
-0.898926,-0.011719,0.383301,-0.955322,-0.017822,0.109375,6
-0.888916,-0.024658,0.373291,-0.940186,-0.002686,0.109375,6
-0.890625,-0.032715,0.375,-0.947266,-0.009766,0.109375,6
-0.890625,-0.033447,0.375,-0.953857,-0.016357,0.106934,6
-0.890625,-0.018799,0.375,-0.953125,-0.015625,0.123047,6
-0.890625,-0.024658,0.375,-0.953125,-0.015625,0.113525,6
-0.890625,-0.032227,0.375,-0.953125,-0.015625,0.108643,6
-0.890625,-0.03125,0.372559,-0.953125,-0.015625,0.109375,6
-0.890625,-0.03125,0.38623,-0.953125,-0.015625,0.109375,6
-0.890625,-0.03125,0.391357,-0.953125,-0.015625,0.109375,6
-0.890625,-0.03125,0.390625,-0.953125,-0.01416,0.109375,6
-0.890625,-0.03125,0.390625,-0.953125,-0.029785,0.109375,6
-0.890625,-0.03125,0.390625,-0.953125,-0.031982,0.108398,6
-0.890625,-0.03125,0.390625,-0.953125,-0.016113,0.124756,6
-0.890625,-0.03125,0.390625,-0.953125,-0.015137,0.109619,6
-0.890625,-0.03125,0.390625,-0.953125,-0.031006,0.109375,6
-0.890625,-0.03125,0.390625,-0.953125,-0.015137,0.109375,6
-0.890625,-0.03125,0.390625,-0.953125,-0.016357,0.109375,6
-0.890625,-0.03125,0.390625,-0.95166,-0.031006,0.109375,6
-0.890625,-0.03125,0.390625,-0.937744,-0.01416,0.109375,6
-0.890625,-0.03125,0.390625,-0.95459,-0.015381,0.109375,6
-0.890625,-0.03125,0.390625,-0.953125,-0.017822,0.109375,6
-0.890625,-0.03125,0.390625,-0.953125,-0.033447,0.109375,6
-0.890381,-0.03125,0.390625,-0.953125,-0.028076,0.109375,6
-0.875,-0.03125,0.390625,-0.953125,-0.013428,0.109375,6
-0.891357,-0.03125,0.390625,-0.953125,-0.015625,0.109375,6
-0.890625,-0.03125,0.390625,-0.953125,-0.015625,0.109375,6
-0.890625,-0.03125,0.390625,-0.953125,-0.015625,0.109375,6
-0.890625,-0.03125,0.390625,-0.953125,-0.015625,0.109375,6
-0.890625,-0.03125,0.390625,-0.953125,-0.015625,0.109375,6
-0.890625,-0.03125,0.387695,-0.953125,-0.015625,0.109375,6
-0.890625,-0.03125,0.375732,-0.953125,-0.015625,0.110596,6
-0.890625,-0.03125,0.392578,-0.953125,-0.015625,0.101318,6
-0.890625,-0.03125,0.390625,-0.953125,-0.01709,0.099854,6
-0.890625,-0.03125,0.390625,-0.953125,-0.006592,0.104248,6
-0.890625,-0.03125,0.389648,-0.953125,-0.005371,0.089844,6
-0.890625,-0.03125,0.395508,-0.953125,-0.017334,0.101562,6
-0.890625,-0.03125,0.403809,-0.953125,-0.015625,0.111084,6
-0.890625,-0.03125,0.388184,-0.953125,-0.015625,0.111328,6
-0.891602,-0.030029,0.390625,-0.953125,-0.015625,0.100342,6
-0.88501,-0.036621,0.390625,-0.953125,-0.015625,0.092041,6
-0.871338,-0.050293,0.38916,-0.953125,-0.017822,0.09375,6
-0.880859,-0.040771,0.396484,-0.953125,-0.005371,0.09375,6
-0.892822,-0.028809,0.408447,-0.953125,0.000977,0.091309,6
-0.890625,-0.03125,0.407715,-0.955322,0,0.104492,6
-0.890625,-0.029297,0.39917,-0.941895,0,0.110107,6
-0.890625,-0.03833,0.388428,-0.936523,0,0.109375,6
-0.890625,-0.048828,0.390625,-0.935303,0.001953,0.109375,6
-0.890625,-0.046875,0.390625,-0.949707,-0.012207,0.111328,6
-0.890625,-0.046875,0.392578,-0.953369,-0.015869,0.09668,6
-0.890625,-0.046875,0.379883,-0.953125,-0.015625,0.094971,6
-0.890625,-0.046875,0.38208,-0.953125,-0.015625,0.080322,6
-0.890625,-0.046875,0.39209,-0.953125,-0.016846,0.077881,6
-0.890625,-0.046875,0.390625,-0.953125,-0.000244,0.078125,6
-0.890625,-0.046875,0.390625,-0.953125,-0.015381,0.078125,6
-0.890625,-0.031006,0.390869,-0.953125,0.000244,0.065674,6
-0.890625,-0.03125,0.374756,-0.953125,-0.003418,0.076416,6
-0.890625,-0.03125,0.375,-0.953125,-0.01416,0.063232,6
-0.890625,-0.031006,0.375,-0.953125,0.001953,0.083984,6
-0.890381,-0.032227,0.375,-0.953857,0.000732,0.094971,6
-0.891846,-0.046631,0.375,-0.94751,-0.004395,0.099121,6
-0.907471,-0.029785,0.375,-0.939941,-0.017822,0.106689,6
-0.90625,-0.03125,0.375,-0.955322,-0.015625,0.091309,6
-0.90625,-0.03125,0.375,-0.953125,-0.016846,0.09375,6
-0.90625,-0.03125,0.375,-0.953125,-0.009521,0.094971,6
-0.90625,-0.03125,0.375,-0.953125,0.002197,0.087158,6
-0.90625,-0.03125,0.375,-0.953125,0,0.075928,6
-0.906738,-0.03125,0.375,-0.953125,0,0.078125,6
-0.902344,-0.03125,0.375,-0.953125,0,0.078125,6
-0.887451,-0.03125,0.375,-0.953125,0.001953,0.078125,6
-0.894775,-0.03125,0.375,-0.953125,-0.008301,0.078125,6
-0.908447,-0.03125,0.375,-0.953125,-0.017334,0.075928,6
-0.90625,-0.03125,0.375,-0.953125,-0.017822,0.089355,6
-0.907227,-0.03125,0.375,-0.953125,-0.006104,0.085693,6
-0.900635,-0.03125,0.376221,-0.953125,0.001221,0.07666,6
-0.888184,-0.03125,0.368896,-0.953125,0,0.078125,6
-0.890625,-0.03125,0.356934,-0.953125,0,0.078125,6
-0.890625,-0.029541,0.359375,-0.953125,0,0.078125,6
-0.890625,-0.039551,0.359375,-0.953125,0,0.078125,6
-0.890625,-0.041748,0.359375,-0.953125,0,0.078125,6
-0.890625,-0.029053,0.357422,-0.953125,0,0.075928,6
-0.890625,-0.03125,0.368896,-0.953125,0,0.092529,6
-0.888428,-0.03125,0.366699,-0.953125,0,0.081299,6
-0.898926,-0.03125,0.365723,-0.953125,0,0.077637,6
-0.907959,-0.03125,0.376709,-0.953125,0,0.078125,6
-0.90625,-0.03125,0.375,-0.953125,0,0.078125,6
-0.90625,-0.03125,0.375,-0.953125,0,0.078125,6
-0.90625,-0.03125,0.375,-0.953125,0,0.077148,6
-0.908447,-0.03125,0.375,-0.953125,0,0.093018,6
-0.893555,-0.03125,0.375,-0.953125,0,0.09375,6
-0.899902,-0.03125,0.375,-0.953125,0,0.093506,6
-0.909424,-0.03125,0.375,-0.968506,-0.015869,0.077637,6
-0.89502,-0.03125,0.375,-0.952393,-0.015625,0.078125,6
-0.889648,-0.03125,0.375,-0.953125,-0.014404,0.078125,6
-0.890625,-0.03125,0.375,-0.953125,0.001221,0.077881,6
-0.890625,-0.03125,0.375,-0.953125,-0.001953,0.079834,6
-0.888428,-0.03125,0.375,-0.953125,-0.014648,0.095215,6
-0.905029,-0.03125,0.375,-0.953125,-0.000732,0.093994,6
-0.891602,-0.03125,0.375,-0.952637,-0.017822,0.090088,6
-0.905273,-0.03125,0.375,-0.957031,-0.012207,0.079834,6
-0.892822,-0.03125,0.375,-0.967041,0.002686,0.091309,6
-0.890381,-0.03125,0.375,-0.950684,-0.003906,0.079834,6
-0.890625,-0.03125,0.375,-0.953125,-0.017822,0.095947,6
-0.889648,-0.03125,0.375,-0.953125,-0.016602,0.09375,6
-0.905273,-0.03125,0.375,-0.953125,-0.009033,0.094727,6
-0.906494,-0.03125,0.375,-0.953125,-0.003174,0.088135,6
-0.890625,-0.03125,0.375,-0.953125,-0.019287,0.075684,6
-0.890625,-0.03125,0.375,-0.953125,-0.007568,0.078125,6
-0.890625,-0.031006,0.375,-0.953125,-0.004395,0.078125,6
-0.890625,-0.031982,0.375,-0.953125,-0.017578,0.078125,6
-0.890625,-0.046631,0.375,-0.953125,-0.015625,0.076172,6
-0.890381,-0.030029,0.375,-0.953125,-0.017578,0.087891,6
-0.89209,-0.03125,0.375,-0.953125,-0.005371,0.087402,6
-0.907959,-0.03125,0.375,-0.953125,-0.008789,0.076172,6
-0.903809,-0.03125,0.375,-0.953125,-0.006104,0.078125,6
-0.888428,-0.030762,0.375,-0.953125,-0.01001,0.078125,6
-0.893799,-0.034424,0.375,-0.953125,-0.004883,0.078125,6
-0.905029,-0.045654,0.375,-0.953125,-0.008545,0.078125,6
-0.888428,-0.029053,0.375,-0.953125,-0.019043,0.078125,6
-0.889893,-0.03125,0.375,-0.953125,-0.004639,0.075684,6
-0.895508,-0.03125,0.375,-0.953125,0.000732,0.089111,6
-0.903076,-0.03125,0.375,-0.953125,0,0.09668,6
-0.894043,-0.03125,0.375,-0.953125,0.001953,0.07959,6
-0.90332,-0.03125,0.375,-0.953125,-0.012207,0.091797,6
-0.888184,-0.03125,0.375,-0.953125,-0.017822,0.081543,6
-0.890625,-0.03125,0.375,-0.953125,-0.002441,0.077637,6
-0.890625,-0.03125,0.375,-0.953125,0.000244,0.078125,6
-0.890625,-0.029541,0.375,-0.953125,0,0.078125,6
-0.890625,-0.039307,0.373291,-0.953125,0,0.078125,6
-0.890625,-0.041992,0.381836,-0.953125,0,0.078125,6
-0.890625,-0.027344,0.394287,-0.953125,0.000488,0.078125,6
-0.890625,-0.040527,0.383057,-0.953125,-0.015381,0.078125,6
-0.890625,-0.038818,0.373047,-0.953125,0,0.078125,6
-0.890625,-0.037354,0.375,-0.953125,-0.000244,0.077637,6
-0.890625,-0.050537,0.375,-0.953125,-0.016113,0.061768,6
-0.890625,-0.035889,0.375,-0.953125,-0.014404,0.063477,6
-0.890625,-0.038574,0.375,-0.953125,-0.000244,0.079102,6
-0.890625,-0.04834,0.375,-0.953125,-0.016846,0.078125,6
-0.890625,-0.049072,0.372559,-0.953125,-0.015625,0.078125,6
-0.890625,-0.036621,0.387207,-0.953125,-0.015869,0.078125,6
-0.890625,-0.030029,0.381348,-0.953125,-0.012207,0.078125,6
-0.890625,-0.03125,0.373779,-0.953125,-0.001221,0.078125,6
-0.890625,-0.03125,0.375,-0.953125,-0.018311,0.078125,6
-0.890625,-0.03125,0.375,-0.953125,-0.011475,0.078125,6
-0.890625,-0.028809,0.375,-0.953125,0.00293,0.078125,6
-0.890625,-0.042969,0.375,-0.953125,-0.005615,0.078125,6
-0.890625,-0.049316,0.375,-0.953125,-0.011475,0.079102,6
-0.890625,-0.03418,0.372803,-0.953125,-0.004395,0.071289,6
-0.890625,-0.030762,0.387695,-0.953125,-0.011963,0.065918,6
-0.890625,-0.03125,0.392578,-0.953125,0.003662,0.080322,6
-0.890625,-0.03125,0.376953,-0.953125,-0.006348,0.076416,6
-0.890625,-0.03125,0.374756,-0.953125,-0.019287,0.084961,6
-0.890625,-0.03125,0.372314,-0.953125,-0.008057,0.095703,6
-0.890625,-0.03125,0.404541,-0.953125,0.001953,0.09375,6
-0.890625,-0.03125,0.392334,-0.953125,0,0.09375,6
-0.890625,-0.03125,0.375488,-0.953125,0,0.09375,6
-0.890137,-0.03125,0.374756,-0.953125,0.001953,0.09375,6
-0.906006,-0.03125,0.374756,-0.953125,-0.01123,0.095947,6
-0.890137,-0.030762,0.390869,-0.953125,-0.007324,0.083984,6
-0.890625,-0.014893,0.390625,-0.950684,0.001221,0.07666,6
-0.890625,-0.015381,0.390625,-0.965576,0.002197,0.078125,6
-0.890625,-0.016846,0.38916,-0.958984,-0.010498,0.075684,6
-0.890625,-0.030762,0.375244,-0.952148,-0.018799,0.091309,6
-0.890625,-0.01416,0.390137,-0.953125,-0.001953,0.080811,6
-0.890625,-0.015625,0.373291,-0.953125,-0.010986,0.091309,6
-0.890625,-0.015625,0.374512,-0.953125,-0.016113,0.082031,6
-0.890625,-0.015625,0.37793,-0.953125,-0.017578,0.077393,6
-0.890625,-0.015625,0.388916,-0.953125,-0.002686,0.078125,6
-0.890625,-0.015625,0.376709,-0.953125,0.000244,0.078125,6
-0.890625,-0.015625,0.376709,-0.953125,0.001221,0.078125,6
-0.890625,-0.015625,0.390625,-0.953125,-0.015625,0.078125,6
